{"type":"FeatureCollection","features":[{"type":"Feature","geometry":{"type":"Polygon","coordinates":[[[-51.04228203870434,-23.24422725536304],[-51.0391393589024,-23.252129018795245],[-51.038839442789026,-23.252180221010335],[-51.0376005945378,-23.25211313468967],[-51.03692044660059,-23.252023506498467],[-51.03626451851397,-23.251844080231262],[-51.035824464535914,-23.251722233904765],[-51.03522628000864,-23.25140178155715],[-51.03522354669365,-23.25141713883993],[-51.03522169383311,-23.251434753355667],[-51.03522111190828,-23.25145245882304],[-51.035221506920195,-23.251467544404136],[-51.035225728811106,-23.25153646690072],[-51.03369874812613,-23.25053619829476],[-51.032678778391656,-23.24996985286082],[-51.03183348125929,-23.249680694067482],[-51.03083815534026,-23.24951648948993],[-51.02968067898661,-23.249486180678048],[-51.02961850357645,-23.249484566412807],[-51.028642867842336,-23.249484747340258],[-51.027597397585296,-23.249323963120265],[-51.02662174826333,-23.249259724698735],[-51.02564605947462,-23.249485265193027],[-51.02460082047909,-23.250032841788038],[-51.023625167044734,-23.250515904726953],[-51.0214648721708,-23.251772005703025],[-51.020175782009396,-23.25296346929201],[-51.01913049684656,-23.254219390622833],[-51.01742323775957,-23.256248075413936],[-51.015471977035595,-23.25805138925371],[-51.01425248245739,-23.259275044531737],[-51.01338127343581,-23.260112314546035],[-51.013269726398505,-23.26017492405885],[-51.01267614817656,-23.260836289326008],[-51.01832076787291,-23.261657930966287],[-51.02052577848267,-23.261966772234864],[-51.02267924027504,-23.262069092716075],[-51.0261807944576,-23.26196547950879],[-51.03055629943653,-23.261888901216807],[-51.030661076434676,-23.262609997418107],[-51.03019680694218,-23.264060268867617],[-51.030175720474794,-23.264203358014303],[-51.03021798476858,-23.264326923906523],[-51.02827104398072,-23.2650379234052],[-51.02924550428249,-23.267636401168875],[-51.03076190218143,-23.26740974095234],[-51.030744044752105,-23.267559062470173],[-51.030481844101786,-23.268958256831063],[-51.0304012731813,-23.26979772214188],[-51.030098482565826,-23.27030146904886],[-51.03007846630775,-23.270861166147544],[-51.03008063020667,-23.27135374234629],[-51.029875048666106,-23.27153128258448],[-51.02961377030064,-23.271870708213598],[-51.029399355669135,-23.27234489801883],[-51.02913295009048,-23.272950167792715],[-51.02883676513101,-23.273308025595885],[-51.02857877090461,-23.273486928713027],[-51.028245673201226,-23.273619685624844],[-51.02783609779769,-23.273675403082255],[-51.027293220949296,-23.27357595314967],[-51.026846720868285,-23.273323012552456],[-51.02651762019649,-23.27290835642769],[-51.02630452977427,-23.27222322826125],[-51.02612154940782,-23.27150973103819],[-51.025846092671095,-23.270876102376274],[-51.02549010924563,-23.270438595004492],[-51.0250842846319,-23.270119970478135],[-51.024533768518666,-23.269861168111074],[-51.02392451460284,-23.26972730080042],[-51.0233029666687,-23.269734349046054],[-51.02267634210526,-23.269787375136374],[-51.022013933315826,-23.269842210410527],[-51.02127047628275,-23.26995712453139],[-51.02071085538891,-23.270197390677836],[-51.020250489179915,-23.27054775634164],[-51.01993385278571,-23.27092782115312],[-51.01955018283192,-23.27158412605872],[-51.019018416350484,-23.272504217082005],[-51.018529262202215,-23.273353120493102],[-51.018249399890344,-23.27388574642913],[-51.01820717130423,-23.273965966224214],[-51.01810808109471,-23.2743777078218],[-51.01809299478576,-23.27489205716256],[-51.018094722746,-23.2753784907041],[-51.0179724914656,-23.276038104260547],[-51.01783401315737,-23.276598446179655],[-51.017675205611766,-23.27722292399363],[-51.01744079194638,-23.27769881575202],[-51.01702077810252,-23.27807093740288],[-51.01649914293393,-23.27825391393048],[-51.01624022243257,-23.27826604466372],[-51.016128949029635,-23.278271205123204],[-51.015561127112804,-23.278157355183517],[-51.0151774109771,-23.27791485212202],[-51.0149148354408,-23.277597724250725],[-51.01481387524692,-23.277131443574664],[-51.01485420619516,-23.276665059163477],[-51.01519743071077,-23.2759748039236],[-51.01550017944427,-23.275359075769455],[-51.015540498816996,-23.274818076848547],[-51.015419294936144,-23.274314491733897],[-51.01513657176045,-23.273885445156143],[-51.01475286559779,-23.273624243771923],[-51.01426827039767,-23.273493759942003],[-51.01370283148492,-23.27353111699417],[-51.01297595906183,-23.273531178768092],[-51.01249017575632,-23.27323068534083],[-51.011843918367475,-23.27263373562341],[-51.01080285334961,-23.27210320390611],[-51.00969003630139,-23.271672123758023],[-51.00550273202551,-23.284152866433338],[-51.00541405244266,-23.284417179316577],[-51.00532537250979,-23.28468149123752],[-51.00628552599237,-23.284767360568903],[-51.007329869517775,-23.284767315256683],[-51.00856519053256,-23.28482623921609],[-51.0093630243868,-23.284920680122504],[-51.009928138904534,-23.285118651652212],[-51.01034971066764,-23.285371731981865],[-51.01091336610961,-23.285623356927363],[-51.0113169472725,-23.285863068418852],[-51.01162626054139,-23.286058160490864],[-51.01233133846726,-23.28650307869545],[-51.012333783310524,-23.286504614163576],[-51.01235011380733,-23.2865140066033],[-51.01236703191278,-23.28652231590281],[-51.01238453665695,-23.28652963149165],[-51.012399008793395,-23.28653477932723],[-51.013449659007186,-23.286877951687337],[-51.01345317949654,-23.286879035380945],[-51.01345914476725,-23.286880841528397],[-51.01411316063064,-23.287071562738852],[-51.01528267090842,-23.287774592190203],[-51.01529069012222,-23.28777910805598],[-51.01529450415133,-23.287781366007785],[-51.015295971079276,-23.28778217886126],[-51.015940527181016,-23.28813052162116],[-51.01646003292066,-23.288610126832346],[-51.016474018324345,-23.288622229977413],[-51.016488882748035,-23.288633429699498],[-51.016504432579204,-23.288643815448335],[-51.016520764596244,-23.288653118021376],[-51.016530249815794,-23.2886579950006],[-51.01661454862315,-23.28869917700941],[-51.01693677965119,-23.288856591044876],[-51.016944212121054,-23.28886011322657],[-51.016961619630884,-23.28886742740948],[-51.01697961276616,-23.28887365843524],[-51.01699799790258,-23.2888788054213],[-51.01701667626057,-23.288882778045295],[-51.01703564687325,-23.28888566664019],[-51.017054716116355,-23.2888874712269],[-51.01707398077829,-23.28888801112901],[-51.018745469749234,-23.288887820309352],[-51.01876463647614,-23.28888727602039],[-51.01878370425772,-23.288885467079933],[-51.01880267507462,-23.288882574153625],[-51.01880482639962,-23.288882212564047],[-51.01972136684718,-23.288706947182504],[-51.021580534482936,-23.28887092500824],[-51.02158933568118,-23.288871646460723],[-51.02160850256888,-23.28887218581944],[-51.021627668303715,-23.288871641180844],[-51.0216468348118,-23.288869831878802],[-51.021665707774524,-23.28886693861982],[-51.02194998671637,-23.288921188288807],[-51.02210958814365,-23.288989908331157],[-51.02231172575152,-23.2890488653073],[-51.02251374425079,-23.288980004562614],[-51.0226324448478,-23.288900857645604],[-51.02270519125154,-23.288852248922122],[-51.02296052560004,-23.288911197355148],[-51.02310507752769,-23.2890357434314],[-51.023120138443296,-23.28904874825049],[-51.0231859519001,-23.289059217156797],[-51.023229079041464,-23.289075109371783],[-51.023272110256016,-23.28910165997093],[-51.02333587745203,-23.28915395235853],[-51.023412556221935,-23.289224761042775],[-51.02340278558635,-23.289272638046604],[-51.02356964258024,-23.289448758650806],[-51.02365942865591,-23.289531668949664],[-51.02372153242661,-23.289581883771117],[-51.02377601212551,-23.28964646265737],[-51.02386090915414,-23.289736058215425],[-51.023966047125626,-23.289821043656787],[-51.024051425712685,-23.289873603443993],[-51.02412741805164,-23.28993492601764],[-51.02417993646885,-23.289967347447924],[-51.02423696168657,-23.29004619747532],[-51.02434698655437,-23.290114018649174],[-51.024448410666054,-23.29020767629864],[-51.02463735019549,-23.290271059539435],[-51.02476614177904,-23.290292718254772],[-51.02485806705266,-23.290308150642968],[-51.02498822983694,-23.290340830476893],[-51.02513188168818,-23.2903408075289],[-51.025236320379186,-23.290340790762517],[-51.02536911842171,-23.29034076934297],[-51.02547355711249,-23.29034075241864],[-51.02562102280694,-23.290340728403383],[-51.025757138490206,-23.29030303729011],[-51.02583428937526,-23.290281616607324],[-51.025984782030584,-23.29025846652662],[-51.02607972468797,-23.290205787587876],[-51.02611473176541,-23.29020045212242],[-51.02628556929724,-23.290200423590136],[-51.0264560947644,-23.290105819076242],[-51.026484351847984,-23.290088380056265],[-51.02653705924202,-23.290084306168026],[-51.026679825929094,-23.290060344634096],[-51.02683402847479,-23.290008468144457],[-51.02692163716202,-23.289959945263217],[-51.02694011854693,-23.289954793114436],[-51.027025782120965,-23.289954778380068],[-51.027245800129265,-23.2899208663828],[-51.027369970686124,-23.28982048670701],[-51.02743939217647,-23.28977765768141],[-51.02746285796099,-23.2897632906417],[-51.02753570960037,-23.289757135233074],[-51.02767035381344,-23.289707339008697],[-51.02776529906936,-23.289672273965135],[-51.02788195204017,-23.28962907504487],[-51.02797288459176,-23.289578744325553],[-51.02801346373753,-23.2895650968141],[-51.02835610968086,-23.28953956227446],[-51.02835698979337,-23.289539562115372],[-51.028476486581674,-23.289539540469733],[-51.028613484450844,-23.289523707281404],[-51.02854613688896,-23.292406188218933],[-51.02949956158121,-23.292254706943496],[-51.03059620199316,-23.29233552366759],[-51.03250541672662,-23.292953727469104],[-51.03168440442661,-23.290644850397406],[-51.0310412168955,-23.288836187052667],[-51.031354297138336,-23.288683554289545],[-51.03147310638166,-23.288669800798036],[-51.031591521244074,-23.28864249645377],[-51.03170895720576,-23.288615283454178],[-51.0318258042031,-23.288574791545926],[-51.031911458849436,-23.28854514494633],[-51.032035740537935,-23.28851639464952],[-51.03212432566668,-23.28846967531516],[-51.032169109781144,-23.288459277851814],[-51.032252715508285,-23.288449595062783],[-51.032412202755125,-23.288431135179643],[-51.032564536253865,-23.288350709133976],[-51.03265311724586,-23.288292246220372],[-51.03275118533795,-23.288240375580024],[-51.032887573706795,-23.288135381989843],[-51.032894514013414,-23.28812426958428],[-51.0329122128883,-23.2881242658723],[-51.03310749409255,-23.288124224783463],[-51.03330323210832,-23.287995009972462],[-51.03337352209346,-23.28791703952146],[-51.03339072966128,-23.287903756918855],[-51.033445388040285,-23.287884776263457],[-51.03352742400756,-23.287856394212188],[-51.033624912693504,-23.287836320340034],[-51.0336948268029,-23.2878201357448],[-51.03379613524857,-23.28782011395382],[-51.033868395172725,-23.287803477111208],[-51.03390692487087,-23.287810605090524],[-51.033986042151994,-23.287837958850353],[-51.03413703881976,-23.287890227932486],[-51.03429144482699,-23.287890194259045],[-51.034392752347166,-23.287890172082953],[-51.03449396207815,-23.28789014986295],[-51.03462049820003,-23.287890121990834],[-51.03481225865279,-23.287890079557233],[-51.03494806603571,-23.28781841625098],[-51.03497740007368,-23.287808202092297],[-51.03500712695449,-23.287808195461942],[-51.0350560219476,-23.2878137851859],[-51.0351248707155,-23.287837708013885],[-51.03527596561514,-23.287889975977418],[-51.035430371620215,-23.287889941183046],[-51.03553158232779,-23.287889918293434],[-51.03566897303456,-23.287889887116947],[-51.035898073736526,-23.287836900667294],[-51.036005607667676,-23.287717728692943],[-51.03602281494859,-23.287704446704982],[-51.036045107755534,-23.28769667295242],[-51.03607571474012,-23.28769314293299],[-51.036122947299184,-23.287698642373844],[-51.036190816061485,-23.287714253426675],[-51.036229836537196,-23.287727794360563],[-51.036319036727456,-23.287796425861927],[-51.036502594342664,-23.28783883883591],[-51.03671841765724,-23.287863719457782],[-51.03687143231635,-23.2877828374034],[-51.03695063188646,-23.287755447891396],[-51.037098373890814,-23.28770419605871],[-51.03719272003191,-23.287631546945526],[-51.03727171987041,-23.287589795285196],[-51.03736029829993,-23.287531329711285],[-51.037458364032254,-23.287479546459334],[-51.03752797364044,-23.287425964199787],[-51.03760599696428,-23.287389902675525],[-51.03770171592606,-23.28733938449436],[-51.03779020048077,-23.287292572551053],[-51.03785834703276,-23.287256603612494],[-51.037937449278616,-23.287229214527844],[-51.03803874631059,-23.28719405139087],[-51.03812430090465,-23.287164401420533],[-51.038209271591654,-23.287144779405224],[-51.03831057184804,-23.287121357567138],[-51.03839456464719,-23.287101916356065],[-51.03847826783806,-23.287092230225163],[-51.03861369744462,-23.287076569353243],[-51.03879389959716,-23.28701410664397],[-51.03890799216734,-23.286926185343557],[-51.03896410914176,-23.286882993174405],[-51.03905259200076,-23.286836269947223],[-51.03911017537169,-23.286791903032153],[-51.03914918797477,-23.286778434597117],[-51.039216949651404,-23.286762699741928],[-51.039306323124045,-23.286752379421067],[-51.03948692695716,-23.286724873758956],[-51.03954618089593,-23.286712121889675],[-51.03966401760547,-23.28672519042016],[-51.04031141551412,-23.28689990637538],[-51.04057406100714,-23.28718926088868],[-51.04057826731118,-23.28719386678057],[-51.040591471704374,-23.287206780071358],[-51.040605459140274,-23.28721888106525],[-51.040620326429256,-23.28723016883366],[-51.04063587793925,-23.28724046276112],[-51.04065221050794,-23.287249852251957],[-51.040669130459406,-23.287258158496908],[-51.04068663586473,-23.287265470925924],[-51.04070463086334,-23.287271699230722],[-51.04072291889971,-23.287276843462166],[-51.04074169457284,-23.287280903569616],[-51.04076056865605,-23.287283789321105],[-51.04077973574822,-23.287285500665984],[-51.04079890153266,-23.287286128013644],[-51.04130504565406,-23.28728599557459],[-51.041708094778784,-23.287510723097768],[-51.042183558250784,-23.28789459312925],[-51.04218385170337,-23.28789486404912],[-51.04219832698075,-23.287905880773398],[-51.04221397745737,-23.287916174516692],[-51.04221661827527,-23.287917799798773],[-51.04272198193561,-23.288222439959984],[-51.04273567394004,-23.2882302048622],[-51.04275259414439,-23.288238510881058],[-51.042770100769296,-23.288245823076068],[-51.04278809501838,-23.288252051141043],[-51.042806481057724,-23.288257195101977],[-51.04282516011941,-23.288261254082382],[-51.04284413119681,-23.288264139556144],[-51.04286320066623,-23.288265850672733],[-51.04288236757825,-23.288266477765305],[-51.0429016308966,-23.288265840168258],[-51.042920699266446,-23.28826411862713],[-51.042930673343854,-23.28826276090425],[-51.043892265436234,-23.288114171776144],[-51.044674956672964,-23.28811395084691],[-51.04540019112736,-23.288244271011575],[-51.045401364660414,-23.288244451337814],[-51.04541916323518,-23.288247156173597],[-51.04543832954595,-23.288248866949107],[-51.04545749643636,-23.288249403394143],[-51.045476662958684,-23.288248855841907],[-51.04549573031454,-23.28824713398813],[-51.04551470045923,-23.288244237832252],[-51.04553337585783,-23.28824016743168],[-51.04555175849641,-23.28823501311885],[-51.045569749607374,-23.288228774922537],[-51.04558725042313,-23.28822145287159],[-51.04560416608804,-23.288213047897045],[-51.04562039593979,-23.288203738887585],[-51.045636037706196,-23.288193346052452],[-51.04563789524053,-23.288191990518296],[-51.04606257869937,-23.287885734452466],[-51.0460887832593,-23.28788012611518],[-51.04594718196093,-23.289288159711184],[-51.04591550635387,-23.289594843781604],[-51.04546617551415,-23.294224084795783],[-51.045779136428045,-23.294300052220883],[-51.04648753959816,-23.294299843866053],[-51.04711349485761,-23.2942692158313],[-51.04755833985352,-23.294238730649436],[-51.04780549766369,-23.294345155234154],[-51.0476431611049,-23.295988237916752],[-51.06078141486558,-23.296297868853816],[-51.06103585955147,-23.296480509704782],[-51.06216630074321,-23.29679333356207],[-51.063098960758786,-23.29700171660528],[-51.06389006233775,-23.296896973424737],[-51.06431311943005,-23.295069764301594],[-51.06597506516908,-23.295590012559586],[-51.066953232077275,-23.295871882671875],[-51.06787965030965,-23.295919269621745],[-51.06862346145427,-23.294961346775157],[-51.07170274858286,-23.294782468954576],[-51.07264272635753,-23.29478203643477],[-51.07387723738177,-23.2951023156527],[-51.074330830900124,-23.296040912104917],[-51.0774311249352,-23.299857706153496],[-51.07802211288609,-23.301378678002912],[-51.078691286938565,-23.30245590191842],[-51.08039176011065,-23.30418758811954],[-51.0812457411647,-23.304670598584632],[-51.08418144878439,-23.30476967876123],[-51.087723712864225,-23.303525957074726],[-51.08946791216928,-23.303761368617756],[-51.09065842246117,-23.30362455618093],[-51.090755930123514,-23.3033399563306],[-51.09237289956607,-23.298623191985854],[-51.09239524095417,-23.298544862146553],[-51.09287190551292,-23.296872462701078],[-51.09310524898133,-23.296181382606402],[-51.09341988078628,-23.295103636661235],[-51.093616625920895,-23.29438601961999],[-51.09378774968171,-23.292972868600533],[-51.094106893319946,-23.2923526439246],[-51.09473508534706,-23.29108979967187],[-51.09474098160909,-23.29030147598912],[-51.09474017210457,-23.28915770377056],[-51.094739447372596,-23.28813226556944],[-51.094694861503044,-23.287312627467234],[-51.094563402678595,-23.286710830595176],[-51.09469103113338,-23.285352082062012],[-51.09469060962718,-23.284756076739527],[-51.09475443074198,-23.28374270360638],[-51.09527016631399,-23.283086676467867],[-51.09597970849336,-23.28284786001548],[-51.097141049627155,-23.28266828979411],[-51.097736678473154,-23.28230894414482],[-51.09699065734246,-23.281450989529237],[-51.09706607213669,-23.280809682059257],[-51.09714362015991,-23.280145880279242],[-51.0972521389942,-23.279446829365863],[-51.09737760935208,-23.2786632188607],[-51.0975111883468,-23.277738685517328],[-51.09758856236674,-23.27670723537533],[-51.09747446592259,-23.275647179105395],[-51.09715956980435,-23.2744994433505],[-51.09694060905999,-23.274042954402198],[-51.096491872779346,-23.273175959849134],[-51.09638036057045,-23.272974769992718],[-51.09616077021561,-23.272586119444483],[-51.096216669813295,-23.272138222133744],[-51.096259947581096,-23.27181499030984],[-51.096445826466045,-23.27046812608936],[-51.095981747896204,-23.269182182422643],[-51.095835089513805,-23.26877578131994],[-51.09586779094844,-23.268701418134224],[-51.09612829367825,-23.26779622975197],[-51.0962274044201,-23.26693684568574],[-51.096227126545955,-23.26654986698938],[-51.09622694545043,-23.266297661594006],[-51.096191050763395,-23.265871048457193],[-51.09616629924452,-23.265576312098997],[-51.095962983329485,-23.26468667245193],[-51.09561544739586,-23.263917441349932],[-51.09525488922739,-23.26325245993205],[-51.094602216976355,-23.262331383256473],[-51.093866256784885,-23.261692188498785],[-51.09329303812361,-23.2612640880473],[-51.09266550454783,-23.260892655528718],[-51.09218052586792,-23.26067659663998],[-51.09127727485059,-23.26027442709806],[-51.09015144322971,-23.25977301466223],[-51.08917241313589,-23.259484964537418],[-51.08826171921699,-23.25933787730762],[-51.087480155781456,-23.25930669892903],[-51.08685562384223,-23.25930704560077],[-51.086627144652,-23.25930717180685],[-51.08298135179288,-23.257901505281595],[-51.08285786973023,-23.257736624723634],[-51.08277147351079,-23.25762339512817],[-51.082761016746254,-23.257630355394355],[-51.08274469644987,-23.257639758649862],[-51.082727787958895,-23.257648168548027],[-51.08271029219554,-23.257655494754957],[-51.082692307904715,-23.25766173721845],[-51.08268800694011,-23.257663004148295],[-51.08247120354325,-23.25772770460328],[-51.082457127488375,-23.257731596323474],[-51.08243845741797,-23.257735580787312],[-51.08241959016842,-23.25773848135371],[-51.08240042895086,-23.257740298073365],[-51.082364940569995,-23.257740407023473],[-51.081960863778214,-23.257719842694062],[-51.081597788405226,-23.2577599581482],[-51.08124993513145,-23.257912978711673],[-51.081236252107445,-23.257918586450426],[-51.0812182667345,-23.257924828745704],[-51.08119988963485,-23.257929987242754],[-51.08118121949897,-23.25793397155721],[-51.081162352193815,-23.257936871972635],[-51.08114319190805,-23.25793868853847],[-51.08112402987882,-23.257939240437704],[-51.08110486719365,-23.257938708336226],[-51.08108570472141,-23.25793691156714],[-51.081066833917916,-23.25793403064644],[-51.08104815897184,-23.25793006562367],[-51.08102977564077,-23.25792492611627],[-51.081011782724545,-23.257918702406595],[-51.08099427896833,-23.257911394443845],[-51.080977360184775,-23.257903003082117],[-51.08096102740531,-23.257893616847618],[-51.08094547719711,-23.257883326875756],[-51.08093060983788,-23.25787213321817],[-51.08091662178561,-23.257859946343928],[-51.08090341543574,-23.257847035496546],[-51.08089128501313,-23.25783331109478],[-51.08088013090429,-23.257818953856635],[-51.08086995403279,-23.257803874351943],[-51.080860852273354,-23.25778825139027],[-51.08085664322486,-23.257779852567253],[-51.08071989736763,-23.257500437321138],[-51.08063373411201,-23.25744619221619],[-51.07983469133289,-23.2571020758142],[-51.07982901942242,-23.257099639700034],[-51.079812100813456,-23.25709124730807],[-51.07979576919191,-23.25708186095041],[-51.07978021819,-23.257071571765426],[-51.07976535101794,-23.257060377995856],[-51.07975136315565,-23.257048190112695],[-51.07974784260562,-23.2570449399039],[-51.07959054780782,-23.25689470789927],[-51.079580863200476,-23.256885048053725],[-51.07956873202262,-23.256871323548],[-51.07955757813547,-23.25685696621354],[-51.079547402463476,-23.256841886620183],[-51.07953830092358,-23.256826263579345],[-51.07953037226002,-23.256810097944555],[-51.07952361652658,-23.2567934809525],[-51.079519307201636,-23.256780655814243],[-51.0794043111247,-23.256408548260897],[-51.07923388227785,-23.256032764917283],[-51.07915247779253,-23.255923776441204],[-51.0790427304043,-23.255826725274506],[-51.07890590827038,-23.255741791387543],[-51.07856345212133,-23.25559327724126],[-51.07817400890578,-23.255505398451987],[-51.07816784884542,-23.25550395618593],[-51.07814946693428,-23.25549881633808],[-51.07813147447664,-23.255492592295223],[-51.078113970215895,-23.25548528400838],[-51.07810996073159,-23.2554833890041],[-51.07796083049308,-23.255412914633773],[-51.07778864996257,-23.25537894436994],[-51.07777417881633,-23.255375699539435],[-51.0777557959606,-23.255370560549153],[-51.07773780451598,-23.255364336460513],[-51.07772030029331,-23.255357028129566],[-51.07770338203584,-23.255348635507627],[-51.077687050773875,-23.25533924892762],[-51.077671500135146,-23.25532895862722],[-51.077669250645215,-23.255327424074256],[-51.07749261677798,-23.255199873137595],[-51.077479999489675,-23.25519021370346],[-51.07746601203064,-23.25517802651609],[-51.07745280725476,-23.255165115372026],[-51.07744067645039,-23.255151390697904],[-51.077429522934814,-23.255137034111495],[-51.07741934665469,-23.255121953473093],[-51.077410245479754,-23.255106330304518],[-51.07740231815296,-23.25509016546063],[-51.07740065395685,-23.255086372283692],[-51.07700643317264,-23.25416934011156],[-51.076677156226744,-23.25363329189956],[-51.07582448391491,-23.253476168219596],[-51.07476972887447,-23.2534766738736],[-51.07343524975315,-23.25360575470377],[-51.07224921338633,-23.253993103762046],[-51.07137333733573,-23.254320324628466],[-51.07111109289506,-23.2544182727197],[-51.07083907253585,-23.254519838113417],[-51.06946709672548,-23.255138770478855],[-51.06898229530954,-23.255342590846592],[-51.06886040356231,-23.255378867076466],[-51.06875355606943,-23.25539454154365],[-51.06856800046044,-23.25539462266475],[-51.06834299608719,-23.255295988276206],[-51.068146050644806,-23.2551973413912],[-51.067966103430166,-23.255072671821758],[-51.066914101116396,-23.25434568407895],[-51.06631214597141,-23.25388868039702],[-51.06600272610782,-23.253686106430308],[-51.06585088104819,-23.253644617753938],[-51.06574960203611,-23.253649899515125],[-51.065569735360285,-23.25368113879183],[-51.06533357575724,-23.253753954605205],[-51.06496239591268,-23.253800900311074],[-51.06461586855195,-23.253680540444044],[-51.06426032133713,-23.253505533660306],[-51.064070548153055,-23.253264787122465],[-51.064070422602555,-23.253002013010168],[-51.06383324957479,-23.25258604158426],[-51.06345398545587,-23.25227970065118],[-51.063169443922234,-23.25195136972471],[-51.063003358181376,-23.251557229041364],[-51.062718829552075,-23.251250848257268],[-51.06226848030272,-23.250900630766107],[-51.06153372085844,-23.250703816597714],[-51.060799152634424,-23.250704102639194],[-51.06034888984732,-23.250748087038776],[-51.059946019775865,-23.250748241303484],[-51.05947195349025,-23.25046378657506],[-51.058974104248385,-23.250113578464497],[-51.05835796506527,-23.249982466600922],[-51.05823929104738,-23.249544581789465],[-51.058096832525514,-23.24904103601938],[-51.05785968601645,-23.248625056213715],[-51.05764624864985,-23.24809958418666],[-51.05387288417741,-23.24737501896361],[-51.0524076948082,-23.244378941584085],[-51.05233647345347,-23.243984848740954],[-51.05240741254335,-23.24365637818183],[-51.05259681405539,-23.2432840580582],[-51.05276252210905,-23.24282421435637],[-51.05280982080001,-23.242539472891014],[-51.05273845292849,-23.241773122380604],[-51.052666895813644,-23.240525032518633],[-51.05295073066615,-23.239189202306687],[-51.053187264712946,-23.2381381113167],[-51.05337655178519,-23.23750301442562],[-51.05366061841318,-23.23678035446779],[-51.054015772591704,-23.236123340173695],[-51.05376883399528,-23.235820180670473],[-51.05297714825301,-23.23553599471438],[-51.05205363465421,-23.23533305650434],[-51.05205352433159,-23.235048602596322],[-51.05236112871755,-23.23452023987361],[-51.052844692300084,-23.234032466639828],[-51.05346024482784,-23.233869751139554],[-51.0540318085363,-23.233706958926046],[-51.054339484307775,-23.233381748759825],[-51.05491101066678,-23.233137744403457],[-51.05543868120727,-23.232975051825168],[-51.05601030654022,-23.232974849156452],[-51.056625917933324,-23.232974628567447],[-51.05741732464726,-23.23285239386865],[-51.05794488474691,-23.232445796853856],[-51.056586005533745,-23.231278391067466],[-51.056763311351126,-23.229644405071273],[-51.05816843500839,-23.225910565261028],[-51.05872849762156,-23.224125126847294],[-51.06013265314483,-23.220660095936253],[-51.06068233698002,-23.218939691879285],[-51.06116919807826,-23.217726616028354],[-51.061938565709305,-23.215794112618543],[-51.06237573615726,-23.212855438859997],[-51.06086277250231,-23.209906509685773],[-51.05876444643372,-23.208438417448356],[-51.05777592501322,-23.20755587704059],[-51.05388083593426,-23.203858338968683],[-51.051981155757375,-23.203388527363394],[-51.04975068420113,-23.202646176341375],[-51.04529618951314,-23.201515298332275],[-51.04067743973393,-23.200523718143558],[-51.036700752928695,-23.199723630874402],[-51.03172684379293,-23.198457982867918],[-51.030227699336514,-23.198066688391734],[-51.02762499349484,-23.19624417023326],[-51.025317605896085,-23.19462083543464],[-51.024260346097755,-23.19388813656771],[-51.023907234285645,-23.193583590612008],[-51.02349170200733,-23.192829287279004],[-51.02235651271453,-23.191074205289194],[-51.02074884187751,-23.180700472274932],[-51.01095714237517,-23.18226014532447],[-51.0117090817819,-23.186295691817197],[-51.00783377079295,-23.191260689028958],[-51.01135075026048,-23.19305194599829],[-51.01316754169692,-23.19419866358812],[-51.013388544625116,-23.194811638924318],[-51.01493434037132,-23.197201693141906],[-51.015981061391436,-23.19910190907208],[-51.017977860549266,-23.200824148863827],[-51.019427249578065,-23.201828651636287],[-51.02171524091486,-23.20343843354916],[-51.025797008718406,-23.206296650012174],[-51.02910205533121,-23.207159378730122],[-51.03436301891401,-23.208497941396534],[-51.03853258912534,-23.209336883923417],[-51.04289565102797,-23.21027358317963],[-51.04679662189225,-23.21126395495672],[-51.04871375526958,-23.211902021983267],[-51.05087831583697,-23.213956842109607],[-51.05189401718106,-23.21486362472524],[-51.051403273463706,-23.21608606930069],[-51.051042669586714,-23.217214342231465],[-51.05036546286263,-23.2167009329058],[-51.04934984413068,-23.217095735109854],[-51.049344374233755,-23.21710233118898],[-51.04816546933742,-23.217596812280323],[-51.04688164072823,-23.218245513692352],[-51.046455287005806,-23.21788449321664],[-51.04414335583759,-23.21912866886653],[-51.04897712871938,-23.2228545158342],[-51.04745651949994,-23.22680266736098],[-51.04710832389295,-23.22809162775925],[-51.04702063780956,-23.2288993123298],[-51.04622898228475,-23.229678388064897],[-51.043024920740685,-23.235204716384256],[-51.04250166041956,-23.236710509940387],[-51.04242088623062,-23.24031928532362],[-51.04228203870434,-23.24422725536304]]]},"properties":{"slug":"ibipora","name":"Ibiporã","developed_extent_km2_2024":14.6,"gva_csi_usd_million_2023":485.805,"lud_2023_2024":33.274,"developed_land_value_usd_million_2024":1326.21,"lvy_2023_2024":0.3663}},{"type":"Feature","geometry":{"type":"Polygon","coordinates":[[[-51.831107969030676,-23.46001922267391],[-51.82927652795846,-23.460065821970435],[-51.827045285915275,-23.459837589622953],[-51.82687515918778,-23.45981175545682],[-51.82423828130897,-23.459896072352347],[-51.82375629385059,-23.459944321645658],[-51.82312290480263,-23.460049820364098],[-51.82213012362418,-23.46011168748184],[-51.82130888129745,-23.460206336296647],[-51.819681678210905,-23.460889426569658],[-51.81763110538827,-23.46227183083569],[-51.81580148204574,-23.46321020079775],[-51.815622470877805,-23.46333216926069],[-51.81544354307371,-23.463308537402025],[-51.815313297790325,-23.4634476832159],[-51.81512649169806,-23.46362379541855],[-51.81493659285943,-23.463902259562637],[-51.81481626305137,-23.463966295208074],[-51.81469181888475,-23.463966042018836],[-51.81456567975339,-23.463992894069094],[-51.81443062944663,-23.46414705815324],[-51.81441956651269,-23.46416319280115],[-51.81441260521155,-23.46417759076674],[-51.81436888727616,-23.464408774606298],[-51.8142076075946,-23.464596765638348],[-51.8141945563783,-23.46460785337407],[-51.81397102967667,-23.46472002633628],[-51.81387142044736,-23.464698417511663],[-51.81373335147229,-23.464727769922177],[-51.81372124287524,-23.464733071924538],[-51.8135998645584,-23.464817795564365],[-51.8135889237427,-23.464837904705874],[-51.81357141083064,-23.46485606008319],[-51.813557053708145,-23.464877903210972],[-51.813483403122184,-23.465002029413633],[-51.81348260753651,-23.46509587905596],[-51.813441751769496,-23.465139356741457],[-51.813387379508455,-23.465182091985707],[-51.8132924898693,-23.465259632832538],[-51.813140346263424,-23.465373058233162],[-51.813040006457605,-23.46532814893852],[-51.8129508400161,-23.465301065617957],[-51.81286121239057,-23.465310745876405],[-51.81281576839447,-23.465420453473744],[-51.812834329672235,-23.465525492819086],[-51.81278079836993,-23.46562566904463],[-51.81260043665306,-23.465623989447003],[-51.81259229632672,-23.46562177374302],[-51.81248041141432,-23.46559426657277],[-51.81247483337659,-23.465578759791388],[-51.812440170850095,-23.46546639765032],[-51.81235087071579,-23.4654014695571],[-51.81229251865973,-23.4654179406835],[-51.812227004980286,-23.465512127382542],[-51.81219843371659,-23.465579115511304],[-51.81213754079734,-23.46561240019866],[-51.81176381843986,-23.465645056176495],[-51.81163050061805,-23.46609935140898],[-51.81139500701992,-23.466096512134232],[-51.81132202048781,-23.466025536251816],[-51.8113200415155,-23.465910024014544],[-51.81131646948597,-23.465790183575418],[-51.81117302901955,-23.465790026433055],[-51.810826280342965,-23.465926772748702],[-51.810603414400056,-23.466067660789356],[-51.81035597222558,-23.466224662780174],[-51.8103434614818,-23.466244328237885],[-51.81020933359698,-23.466326225156276],[-51.810009731615196,-23.46646103008532],[-51.80973586298941,-23.466652040119953],[-51.80951807009509,-23.46690282363829],[-51.80922492934316,-23.467080655106706],[-51.80882670115098,-23.46741474722303],[-51.80863295496038,-23.467595134035154],[-51.80847933365752,-23.46765996888897],[-51.80846068750635,-23.467668917370077],[-51.808429542942356,-23.467683711418125],[-51.80833058905582,-23.467705630387346],[-51.808070815760956,-23.467800099558513],[-51.807738156932835,-23.468033320541974],[-51.807726727057606,-23.468053702797096],[-51.80770470226221,-23.46807061635846],[-51.80759227651643,-23.46816359894584],[-51.80757982564184,-23.46819319959654],[-51.80723872831434,-23.468520218469532],[-51.80722602179603,-23.46842716128677],[-51.80713602002377,-23.46826305823426],[-51.807043633708076,-23.468173574761973],[-51.80696768348723,-23.468081838391353],[-51.80688440204445,-23.468008385502124],[-51.80678039078353,-23.467939374489784],[-51.80662103126921,-23.467833437711857],[-51.80651908355446,-23.467765590065795],[-51.80643060425011,-23.467706795502718],[-51.80638636511934,-23.467677398650466],[-51.8063320778234,-23.46762185956907],[-51.80628005625,-23.46756856687171],[-51.806209413615065,-23.4674961321557],[-51.80614803242478,-23.467433313374595],[-51.80611492843421,-23.467399432970538],[-51.80604748725893,-23.467306116615834],[-51.805989129687376,-23.467225218097237],[-51.805953384665834,-23.467175634801894],[-51.80590174219221,-23.467104095316444],[-51.80585974410272,-23.46705671210322],[-51.80575031100247,-23.466933082820695],[-51.80553095313431,-23.466685376728044],[-51.805367396612326,-23.46650069799838],[-51.805209065846064,-23.466321772886886],[-51.80502498355217,-23.46625588375771],[-51.804745624304374,-23.46615598289866],[-51.80455857126285,-23.466019747351467],[-51.80435853700087,-23.465874094417465],[-51.804190267753334,-23.46575149089604],[-51.80406635325945,-23.465661355188153],[-51.80394892986245,-23.46557579248138],[-51.80376000940846,-23.465438120359003],[-51.80354483154546,-23.46528143442284],[-51.803297102808756,-23.465101070986954],[-51.80302164080605,-23.464900437427175],[-51.802817676041954,-23.464751912263278],[-51.80260407501359,-23.464596391071833],[-51.80240719077206,-23.464452977423356],[-51.802306782114044,-23.464379790709287],[-51.802070723383856,-23.464266746613568],[-51.80186991646159,-23.464170591409676],[-51.8017055399214,-23.464091951453717],[-51.80137109224979,-23.463931811676513],[-51.80109889994046,-23.463801428693003],[-51.80079528643489,-23.46365612229434],[-51.80047399832482,-23.463502325133717],[-51.800229595941715,-23.463385256369694],[-51.79993374136487,-23.463243611756248],[-51.79969945285122,-23.463131366906627],[-51.79971394565623,-23.46298542154733],[-51.79946712964751,-23.462158423903308],[-51.799254112316774,-23.461610801769012],[-51.79853925260522,-23.460889258757344],[-51.798071340629235,-23.460072874201945],[-51.79746477582924,-23.45964396018102],[-51.79675047494813,-23.45977893989829],[-51.79608087704249,-23.460054232081216],[-51.79597749366681,-23.46007164950772],[-51.795356869999566,-23.459664657517965],[-51.79463710133706,-23.4591482443125],[-51.794491710007996,-23.459148171927474],[-51.79380741167384,-23.459126636407223],[-51.79287249952847,-23.459945654714407],[-51.790408664634235,-23.460997418259403],[-51.787410578700026,-23.46240861731041],[-51.78542405056779,-23.46337578973159],[-51.785086288807804,-23.464058979373302],[-51.78493097336293,-23.464500990048403],[-51.785040889789265,-23.465703181970206],[-51.78505955779486,-23.465730637148244],[-51.785083953707456,-23.466031380794636],[-51.784350298975106,-23.46667699970369],[-51.78427287127228,-23.467094682725236],[-51.784265242056485,-23.467178902236398],[-51.78419400032055,-23.467434062939226],[-51.78416409802499,-23.467510265182874],[-51.78414651261968,-23.467533476817074],[-51.784093351172835,-23.467915539970345],[-51.785909548047044,-23.46933883446197],[-51.784034787486846,-23.471890870891315],[-51.78328947852778,-23.47234334216374],[-51.78260653852993,-23.472978583037744],[-51.78133238194781,-23.47441451902176],[-51.781076169515735,-23.47526917630157],[-51.781064422911314,-23.47531972592454],[-51.78075703595107,-23.47608160696943],[-51.78071110594778,-23.47614714013811],[-51.7804363604906,-23.476482621534874],[-51.7804237195289,-23.476531007786168],[-51.77984337560683,-23.476918418027566],[-51.7794719121777,-23.477342445703208],[-51.77941860639915,-23.477402777432452],[-51.77897029956604,-23.47793151258073],[-51.77656381528212,-23.475792197296695],[-51.772613442362626,-23.48067970912849],[-51.77241491453567,-23.480925287823535],[-51.7723106920967,-23.481054244653595],[-51.772295138500695,-23.481107521371836],[-51.77220335279846,-23.48110201551712],[-51.770534212991,-23.483875703726508],[-51.76995293892727,-23.48490600297974],[-51.77037791878249,-23.48534106823712],[-51.76766260936909,-23.487064104950985],[-51.76542317112725,-23.488347503418385],[-51.7646686625578,-23.489031883570863],[-51.760545274442286,-23.492805809543068],[-51.767531244188724,-23.49913229745868],[-51.772057053232146,-23.503279881262024],[-51.77948881719977,-23.509394131173348],[-51.78124977134413,-23.510842757690828],[-51.782086929577375,-23.510034140350545],[-51.78508365159368,-23.505460470532995],[-51.785621200161465,-23.506162549518045],[-51.79696090780335,-23.505524618017148],[-51.79805747663808,-23.50520377767808],[-51.804883445768255,-23.50162828197223],[-51.812647067750106,-23.496408793540315],[-51.817519166883,-23.492646033103792],[-51.82109409284488,-23.48875095816876],[-51.824907110151344,-23.484706325736934],[-51.838250346462715,-23.48664670389288],[-51.835279540650745,-23.48261621437345],[-51.82852854439706,-23.47456115539552],[-51.83614339698674,-23.47166098768059],[-51.843563340622595,-23.468896992584963],[-51.85146385855058,-23.466247898746175],[-51.850899194045596,-23.464321425830537],[-51.84873873910067,-23.46423131350528],[-51.850996664741174,-23.45629530318618],[-51.85026807999462,-23.455654915784255],[-51.849675340923284,-23.454930417587274],[-51.84947963266273,-23.45402717464734],[-51.84972998922756,-23.453234948040322],[-51.84842657529984,-23.451325760061728],[-51.845241418400164,-23.447542905500246],[-51.84494473695802,-23.447503686428373],[-51.843801075224775,-23.448177178158648],[-51.843346537158396,-23.44877856433254],[-51.8429009075215,-23.449442223111923],[-51.842263490051344,-23.45058454304345],[-51.84178836038753,-23.45126028081175],[-51.841996536492104,-23.45194624134041],[-51.84174802012193,-23.452139879114522],[-51.841729576725704,-23.45216481690085],[-51.84149125603159,-23.45232985768778],[-51.841486429747086,-23.452340722637544],[-51.84143795333438,-23.45238460982123],[-51.841254950664435,-23.452596770406892],[-51.84116571361607,-23.452635457808643],[-51.84103513518494,-23.45266967204235],[-51.84102683203846,-23.452672607177057],[-51.84064390370319,-23.45280572868235],[-51.840353206117186,-23.45298667517165],[-51.83894703442962,-23.453851674448032],[-51.83688537157725,-23.45527340573489],[-51.8345973926748,-23.457642721501475],[-51.83368844203993,-23.45906085945594],[-51.83349521158238,-23.45923802096108],[-51.831376336118524,-23.459895134769813],[-51.831184701060685,-23.45998376886531],[-51.831107969030676,-23.46001922267391]]]},"properties":{"slug":"marialva","name":"Marialva","developed_extent_km2_2024":9.84,"gva_csi_usd_million_2023":366.556,"lud_2023_2024":37.252,"developed_land_value_usd_million_2024":1030.58,"lvy_2023_2024":0.3557}},{"type":"Feature","geometry":{"type":"Polygon","coordinates":[[[-51.721278695127296,-23.51680679535752],[-51.721500811340334,-23.516667156577398],[-51.721686646644244,-23.516527686550756],[-51.72190368369374,-23.51640718992357],[-51.725683171262844,-23.51468807277452],[-51.72595613205557,-23.514606144456963],[-51.7262520248108,-23.513980424188308],[-51.725652274287846,-23.513778891522495],[-51.72472515472789,-23.51342473562026],[-51.72359938347499,-23.51299622007642],[-51.723049938916624,-23.51275142505351],[-51.7227496283287,-23.512569998668052],[-51.72205823527104,-23.511956632819913],[-51.72187690231329,-23.51178483807975],[-51.7218919831498,-23.511765023033842],[-51.721782232618885,-23.51153328154886],[-51.72176496464767,-23.51145569163635],[-51.72260593343535,-23.51098577853755],[-51.72381405608376,-23.51012700219689],[-51.72429495922082,-23.50992402180063],[-51.72493154256688,-23.509756162833064],[-51.72693222333225,-23.510241529780007],[-51.72767124613421,-23.510324111694143],[-51.728371044590915,-23.510342348705706],[-51.72906247536502,-23.51025308037278],[-51.72996286161212,-23.50999076267605],[-51.73078530518148,-23.509692958164788],[-51.73166196454323,-23.509359048176414],[-51.733518360198,-23.509056368664044],[-51.734676625798826,-23.50903657014756],[-51.73522029835618,-23.508940802483842],[-51.735958919538255,-23.508951652232014],[-51.73749117907518,-23.509080623755054],[-51.738993666017244,-23.509446312083057],[-51.74002145599991,-23.509728209951334],[-51.74202331056183,-23.51041412038968],[-51.74455472036413,-23.51125520131552],[-51.74535724259324,-23.511566817515554],[-51.7463460292562,-23.51182018139553],[-51.747233347998616,-23.512002331178792],[-51.74799559176976,-23.51206319742376],[-51.748656405328504,-23.51206002205441],[-51.74912338989026,-23.5121509791996],[-51.74924765704449,-23.512128872273546],[-51.74940969944334,-23.511913009661082],[-51.74986024205809,-23.51184631631781],[-51.750178621808296,-23.511780258376945],[-51.75037969618741,-23.51159288496233],[-51.75040033787288,-23.51111960330492],[-51.750445886246894,-23.510925809121076],[-51.75062355615702,-23.510724208177653],[-51.75082442511787,-23.510500987898443],[-51.75091678115977,-23.510335647017904],[-51.75090807148358,-23.510170791601492],[-51.75099281501093,-23.510034163776748],[-51.751077883606406,-23.509954889843694],[-51.75110780076254,-23.509746832649466],[-51.75115395853722,-23.509660576326155],[-51.751254818344236,-23.50962424254051],[-51.75124562135089,-23.50937335758196],[-51.75125999062112,-23.509165374443242],[-51.75132096361946,-23.508949998293065],[-51.75145214698048,-23.508777299788452],[-51.75151242800755,-23.508440044973828],[-51.75157112232089,-23.50782319112189],[-51.75159851626188,-23.507170640941784],[-51.75158464022607,-23.506095294770986],[-51.75158203706277,-23.505636464003008],[-51.75163515318705,-23.505406785576753],[-51.75168086074232,-23.5052416675171],[-51.75172209342364,-23.504287935349886],[-51.7517445208253,-23.50413009870618],[-51.75196043679142,-23.5038207715485],[-51.75202962848445,-23.503684218229395],[-51.75201224944808,-23.503361677995613],[-51.751978876135674,-23.502960351191742],[-51.75199275557651,-23.50266633734958],[-51.752114774043235,-23.50224992122799],[-51.75222140793327,-23.50186225661703],[-51.75225067060474,-23.501539491118894],[-51.752296254091284,-23.501352866123966],[-51.752388357978425,-23.501144508224392],[-51.75237903778532,-23.500872114567375],[-51.75238599689289,-23.50072869251371],[-51.75257179028431,-23.500591575769672],[-51.752609477627324,-23.50038347969546],[-51.75260044113225,-23.500161271118223],[-51.752707886570285,-23.49991699157402],[-51.75276893484418,-23.499715952593043],[-51.75279884848176,-23.499507894022546],[-51.752796282662175,-23.499056232808652],[-51.752802304562486,-23.498747917644177],[-51.75288667257743,-23.498546765921954],[-51.75292354332154,-23.498195286111887],[-51.75282928464162,-23.49802367487563],[-51.75275814284664,-23.497816104538337],[-51.752794770426206,-23.497421609439893],[-51.7527536634865,-23.49702748899419],[-51.75279134970311,-23.496819393718262],[-51.75283689027281,-23.49662559869856],[-51.75289769261661,-23.49638154344108],[-51.75290277861975,-23.495908336849343],[-51.75291689912214,-23.49565733802415],[-51.75307863192635,-23.4953912876079],[-51.75316299655501,-23.495190135720627],[-51.7532160655369,-23.494953286811377],[-51.75322904561727,-23.49450155022513],[-51.75327328106829,-23.494078339870672],[-51.75337233658633,-23.493726558278397],[-51.75340977556603,-23.49347544662256],[-51.753369932504484,-23.49330357335154],[-51.75305920856772,-23.493340921759394],[-51.752523389234355,-23.493436713273663],[-51.75207258510548,-23.493446059696353],[-51.75110109834244,-23.49347942279809],[-51.750751426836686,-23.49350261612384],[-51.7503240644235,-23.49353335189699],[-51.74995961564297,-23.493692835022433],[-51.749750225488675,-23.49377987564615],[-51.74927662802151,-23.493882525794838],[-51.749020354848355,-23.493926774379155],[-51.74860906264267,-23.494050631264894],[-51.74805052210648,-23.494254057940346],[-51.74732088928201,-23.49444396506905],[-51.747188622861124,-23.494423090208972],[-51.74612142666287,-23.494026715232565],[-51.744284287987114,-23.493562317441047],[-51.74316665742543,-23.49368809965198],[-51.74179168046719,-23.49385237827087],[-51.740665243571776,-23.49397961801695],[-51.73985698638026,-23.4940121351808],[-51.73941387218166,-23.494007068458675],[-51.73880647953896,-23.493816374015758],[-51.73819103819603,-23.493575530491327],[-51.73773947320172,-23.493448617492493],[-51.737412678406514,-23.4933928094828],[-51.73693042092637,-23.49333773516757],[-51.73647176216697,-23.49333273444382],[-51.7359742769768,-23.493335084884052],[-51.73487024205538,-23.493297278781398],[-51.73405345951364,-23.49319358613134],[-51.73318956422501,-23.493004078527242],[-51.73259011675514,-23.492841999608974],[-51.73219348669391,-23.49280801717999],[-51.73176540634871,-23.492709654685903],[-51.731477443017056,-23.49264648173804],[-51.731267408822575,-23.492618790062934],[-51.73076223195531,-23.492635499080485],[-51.73031947743925,-23.492694930557615],[-51.72972133695739,-23.49276942678424],[-51.72913093012608,-23.492836716305515],[-51.728765628533466,-23.492845593378096],[-51.728485636987116,-23.49281822510241],[-51.728135252902355,-23.492712320197487],[-51.72780740058592,-23.492462921022],[-51.72751857383699,-23.492242016402642],[-51.72726920297872,-23.492128468731433],[-51.72696553897843,-23.492036682269266],[-51.726661993287,-23.49196640388835],[-51.72641293891667,-23.491910209195],[-51.72612513569522,-23.491875702991333],[-51.72568257747772,-23.49197096789772],[-51.72471976527377,-23.492169024472854],[-51.72409060948155,-23.49225798253412],[-51.72353902834472,-23.49231789951484],[-51.72290174426793,-23.49234236642033],[-51.72257519397988,-23.492329541747257],[-51.72204661777286,-23.492331991805383],[-51.72152593236236,-23.492355911881884],[-51.721114227157805,-23.49240800435029],[-51.72071064523223,-23.492524582311134],[-51.71777257395056,-23.492573990646775],[-51.714802941614245,-23.49253745492282],[-51.71401991163998,-23.49288398456626],[-51.71362315087826,-23.493306412085253],[-51.71311882183424,-23.493963532984555],[-51.71292459770551,-23.49446628608391],[-51.71266392779478,-23.495141408895304],[-51.712382244951606,-23.495764052333552],[-51.71190514721594,-23.49666958702645],[-51.711664582061736,-23.49722990532289],[-51.71129643203976,-23.498158839788235],[-51.711057914856184,-23.49813602923968],[-51.71050802225923,-23.49803338607879],[-51.710232870365104,-23.497943828003773],[-51.71004094443875,-23.497911244317624],[-51.709745652738945,-23.497931709018665],[-51.70943004119184,-23.49802873908967],[-51.709166150684716,-23.498106414767907],[-51.708762003354636,-23.498122593015296],[-51.70832691643654,-23.498167588410364],[-51.7080677470907,-23.4981592072839],[-51.70771999245003,-23.498060413696464],[-51.70709749753631,-23.497948529030438],[-51.70655873741127,-23.497989210825583],[-51.70491674422446,-23.49814959722902],[-51.70456353045347,-23.49799824619697],[-51.70423681254159,-23.49795670654317],[-51.703568162746514,-23.497935829016072],[-51.70284690249143,-23.49776701633151],[-51.701918603325204,-23.497646929971694],[-51.7011819256854,-23.49750207737672],[-51.70032042060644,-23.49727174878449],[-51.699070066577185,-23.497009702889283],[-51.69740480393684,-23.496687368423014],[-51.696719859821,-23.496523145456777],[-51.69641923599556,-23.496514929329386],[-51.69526933957955,-23.496629997734836],[-51.69481357206688,-23.496684606867426],[-51.694693876950026,-23.496589547704897],[-51.69465632315643,-23.496345951524464],[-51.69441042595798,-23.495902539003286],[-51.69406106071485,-23.49549304370327],[-51.69381096120002,-23.49523605550988],[-51.69315507114581,-23.494679753634777],[-51.69304824836958,-23.49470223582197],[-51.68873555469676,-23.498754203735693],[-51.68455002810394,-23.50113858710733],[-51.67709973600322,-23.503620728871248],[-51.66568721759111,-23.509262141378684],[-51.66371558261769,-23.50884038543444],[-51.6537631306709,-23.49809233121057],[-51.653643673311585,-23.4975144900139],[-51.653296782760826,-23.496531328298136],[-51.652961297094905,-23.49575842412436],[-51.65272013305363,-23.4951954303465],[-51.65249032276528,-23.494833136582603],[-51.652270550822976,-23.49440388381122],[-51.65164487132468,-23.49363219083404],[-51.65115478202399,-23.493031998020914],[-51.65071755078017,-23.492641888394193],[-51.65005244757858,-23.492281407794355],[-51.64932595670586,-23.492083689371945],[-51.64858924499572,-23.49191468785379],[-51.64785234821599,-23.491707446518078],[-51.64620315964177,-23.49145619002723],[-51.64587322313058,-23.491811256187017],[-51.64549095261698,-23.492061383778836],[-51.64508781161723,-23.49228291994258],[-51.6445499792713,-23.492514571516146],[-51.644188386306894,-23.49275505117274],[-51.64393043607591,-23.492995101761508],[-51.643817727710974,-23.493263230635787],[-51.643818609869555,-23.493444856729752],[-51.64405824675402,-23.49370197034128],[-51.64430797113816,-23.4939016853357],[-51.644325938732614,-23.494133426234267],[-51.6440631662636,-23.49404788028259],[-51.64028971560613,-23.50177697258491],[-51.641260614396316,-23.50213623559294],[-51.64187856902275,-23.502387015142364],[-51.6430940101585,-23.502941226709126],[-51.64367076588075,-23.503244745438966],[-51.6441277670085,-23.503434044307614],[-51.644610519961866,-23.503589776495026],[-51.644953737641266,-23.503827340871343],[-51.64520306286404,-23.5039410212629],[-51.64547776633757,-23.503944663304306],[-51.64582474830619,-23.503890647885694],[-51.64655984537882,-23.503715530149773],[-51.64718143474139,-23.503646033276823],[-51.64790709831692,-23.503662135273764],[-51.64858144910977,-23.50378360110676],[-51.64878929319884,-23.50389266742831],[-51.64864664660745,-23.513128816498533],[-51.651021854266986,-23.512611063247718],[-51.65330525633058,-23.52014682580597],[-51.6533449281927,-23.520307972946075],[-51.65329757271769,-23.52055910514827],[-51.65272432082034,-23.522562999508597],[-51.65269251425074,-23.522682625404876],[-51.65264315998787,-23.527127931092927],[-51.65487636549002,-23.53060173877684],[-51.65916227043898,-23.531163180759577],[-51.6593634371939,-23.531222074788154],[-51.6602344211567,-23.531762069111704],[-51.661880977040916,-23.533194950087683],[-51.66209483747595,-23.533200014549973],[-51.66219218286808,-23.53322947297986],[-51.662225119460885,-23.533336875833584],[-51.662387860881346,-23.533485547165636],[-51.6626804067417,-23.533675488363745],[-51.66291427756325,-23.533793984523296],[-51.66341252084565,-23.5341956228409],[-51.66363671723706,-23.534323120356287],[-51.6637568332965,-23.534370404954746],[-51.663925772190126,-23.534462290062457],[-51.66404279777121,-23.5345394602126],[-51.664269995997394,-23.534619148013753],[-51.66454903213081,-23.53469861321598],[-51.66465278343976,-23.53471310642024],[-51.66491928170129,-23.53487626900906],[-51.665150185302636,-23.535048544505198],[-51.66538059368718,-23.53512224277435],[-51.665692632529826,-23.53532105600783],[-51.66615116003069,-23.53565665707004],[-51.666587100308554,-23.536010277749405],[-51.667361443825776,-23.536649225429905],[-51.66744318015996,-23.53679525244559],[-51.667889285198264,-23.53723545721885],[-51.668068630630216,-23.53746172045268],[-51.66845691787857,-23.538000751520144],[-51.668796125639695,-23.538444399757402],[-51.66902799338959,-23.53880486433857],[-51.669142527485135,-23.539028418701704],[-51.66922155653027,-23.53927901025433],[-51.66929065491059,-23.53948782362053],[-51.66933801032813,-23.539881941741285],[-51.66932787716823,-23.540440607060322],[-51.66924201392358,-23.540760615923546],[-51.66893647638719,-23.541210022584444],[-51.66846727781373,-23.541973797267108],[-51.66819128898768,-23.54250074487343],[-51.667845386839126,-23.543299834807957],[-51.667492700226056,-23.544039207994857],[-51.66656960367469,-23.546038671926404],[-51.665806820550024,-23.547705855713307],[-51.665634165618734,-23.548166636361344],[-51.66547195033467,-23.54877076247589],[-51.66538061515996,-23.54929392702986],[-51.66515809003725,-23.550277097172845],[-51.665097729175336,-23.550645389312823],[-51.66502567573149,-23.550750849205134],[-51.66441237508621,-23.5514799773279],[-51.6643197751121,-23.551623763166223],[-51.66413809059284,-23.552095334862685],[-51.66398489609607,-23.552562003774533],[-51.66391584037107,-23.552748705581255],[-51.663889810930144,-23.553759713250443],[-51.66348289101571,-23.554808193809475],[-51.6624470549099,-23.55761587499744],[-51.66221661669014,-23.558190414679192],[-51.66151223443694,-23.558860173529308],[-51.658350288417054,-23.561110470265575],[-51.655938838461054,-23.562590405085544],[-51.654218679206345,-23.56389532801991],[-51.65333892410086,-23.565289905405375],[-51.65213911869882,-23.569603798736996],[-51.65206264969123,-23.569869389790046],[-51.651641559283604,-23.57280347087166],[-51.65144527217262,-23.574008764476023],[-51.65137947828913,-23.574862207385543],[-51.651295264021,-23.57671228355448],[-51.649627263175574,-23.579178392472578],[-51.65502092451652,-23.57980817209377],[-51.6552439362156,-23.579291031430493],[-51.65545888441,-23.578716567742944],[-51.65565060173046,-23.57816371008198],[-51.6557492621906,-23.577668600687055],[-51.655816347333385,-23.577080421144842],[-51.65582177580457,-23.57660721429242],[-51.65581985277549,-23.57622007081917],[-51.655739505620254,-23.575704208306643],[-51.655581236818385,-23.57515999695412],[-51.65529780863259,-23.574472923088695],[-51.65505270399685,-23.573670976280606],[-51.654838749637946,-23.57287606685613],[-51.6547828810945,-23.572589523836122],[-51.654915979473586,-23.56962797158322],[-51.6550347358393,-23.568480355317018],[-51.65516283240947,-23.567648156434082],[-51.655300696579616,-23.56721740658813],[-51.65547773395656,-23.566843847342906],[-51.6557871670632,-23.566505577907844],[-51.656104234396636,-23.56613859725165],[-51.65665480523438,-23.565806476493332],[-51.657198239055155,-23.565603434975937],[-51.65905461318582,-23.565100882683588],[-51.660701266214424,-23.564656555719672],[-51.66123691062075,-23.56445353335445],[-51.661764488886895,-23.564193187636015],[-51.662516640706045,-23.563738307411395],[-51.66305825645733,-23.563176779957896],[-51.66343718985441,-23.56274499584383],[-51.66372318871815,-23.562392470878002],[-51.66393904689969,-23.56201156744925],[-51.66413913169837,-23.56158771442721],[-51.664392178811305,-23.560869685457266],[-51.664621711291055,-23.560115910844797],[-51.665043289902435,-23.558888128402817],[-51.665058663133536,-23.558852215115227],[-51.66562064209787,-23.559251300735845],[-51.66570065393201,-23.559181056111353],[-51.667221679220155,-23.55543924325688],[-51.667408145825604,-23.555402595584116],[-51.67568129815752,-23.5535458258275],[-51.67523204861701,-23.552379153641336],[-51.6753250766032,-23.552321394791548],[-51.68342435323563,-23.551490206097903],[-51.685756175898845,-23.551250519397456],[-51.68861650383085,-23.550951103146954],[-51.69057668274558,-23.550595889782528],[-51.692735848461865,-23.550062917710136],[-51.6930569924431,-23.54996939945995],[-51.693449894246605,-23.54985421134675],[-51.694401966283536,-23.549496271352897],[-51.6954264623357,-23.54910932352717],[-51.697464160703646,-23.54816339238495],[-51.69866338867612,-23.547488861549844],[-51.700172193190454,-23.546535711063395],[-51.70127736654162,-23.545727754175953],[-51.70294999181926,-23.544391468166378],[-51.70744099364474,-23.540776830026548],[-51.7084219138766,-23.540017185022997],[-51.70951697297609,-23.539276131797692],[-51.710695527507774,-23.5386398427717],[-51.71253580883553,-23.53766594146832],[-51.71450057878151,-23.536710565490125],[-51.716951303891996,-23.53551394627703],[-51.71815041910691,-23.534858387972125],[-51.719235115459576,-23.534136435639144],[-51.72023602781087,-23.533261914203962],[-51.72111173776074,-23.532244579014076],[-51.721615515055355,-23.531467943723452],[-51.7220151452154,-23.53060575796344],[-51.722332250662184,-23.529820428054922],[-51.722534844222785,-23.528949596146834],[-51.72259396626345,-23.528385325503844],[-51.72265246245743,-23.52770634736484],[-51.72262755300502,-23.526941722487535],[-51.72253456725588,-23.52605075402937],[-51.72218708197179,-23.524116616330605],[-51.72108126900014,-23.518565419969416],[-51.72087832734464,-23.517151757670682],[-51.721278695127296,-23.51680679535752]]]},"properties":{"slug":"mandaguari","name":"Mandaguari","developed_extent_km2_2024":9.83,"gva_csi_usd_million_2023":339.37,"lud_2023_2024":34.524,"developed_land_value_usd_million_2024":989.03,"lvy_2023_2024":0.3431}},{"type":"Feature","geometry":{"type":"MultiPolygon","coordinates":[[[[-51.40442284338116,-23.285392449857373],[-51.40364443603391,-23.284681000022722],[-51.403653467828924,-23.283651355855145],[-51.40312566925913,-23.28415331894485],[-51.40321496948426,-23.285167719276767],[-51.395299445173244,-23.285650194745283],[-51.39544402305684,-23.28500177068437],[-51.40071275289169,-23.27856417682593],[-51.39846854474515,-23.276796048205966],[-51.395448996840464,-23.274416925914164],[-51.38919128796291,-23.282412446183358],[-51.3881107231588,-23.287341346513223],[-51.38065439558977,-23.286785343302355],[-51.37693908493829,-23.28276036811224],[-51.372451902694785,-23.285928895537673],[-51.36930371590819,-23.29458499540422],[-51.370123465872155,-23.295539746874333],[-51.37227789319625,-23.295075337380112],[-51.382248129076125,-23.304016947139072],[-51.38324674696711,-23.304944480651542],[-51.381726035439826,-23.305883978631112],[-51.37319192073134,-23.303300652038402],[-51.372522143683796,-23.30304021542679],[-51.371788437171354,-23.30267335292391],[-51.37104239239646,-23.302236542219724],[-51.37056654211882,-23.30186788743647],[-51.370081265421916,-23.30145625465863],[-51.36938416584686,-23.30074918025988],[-51.3716857463104,-23.299700080503595],[-51.37138534578245,-23.298884229463706],[-51.36873872021633,-23.300090089892986],[-51.36786859636381,-23.29922987630947],[-51.367159069941664,-23.298517775808218],[-51.36681367787558,-23.29818320132135],[-51.36631923396486,-23.29781457667619],[-51.36590877018794,-23.297514549686596],[-51.365545093133925,-23.29730040922905],[-51.36503231692517,-23.29703501681499],[-51.36428667758134,-23.29672716674684],[-51.36381396709038,-23.296538585831705],[-51.36289844665521,-23.296343404841068],[-51.362171993959215,-23.29624188852344],[-51.36035614472304,-23.29609127918745],[-51.35830755147874,-23.295941180661647],[-51.35736732137748,-23.29596912402041],[-51.3568926086266,-23.296004603462556],[-51.35649319091562,-23.2960714716046],[-51.35599924754771,-23.296152826340318],[-51.35545030611935,-23.296283065150337],[-51.35500883070177,-23.296400561694572],[-51.354339113592815,-23.29662781507448],[-51.35369744383888,-23.296900150140583],[-51.352855973958405,-23.297282918816364],[-51.347171209305486,-23.293819029279607],[-51.346214988031264,-23.293604061833708],[-51.34683082249986,-23.296347740041607],[-51.34962294980932,-23.29801531874152],[-51.34976366898387,-23.298652616595763],[-51.3482797832197,-23.299305942858332],[-51.348282571286326,-23.299303670289518],[-51.34821567667052,-23.299233622573915],[-51.34808027275712,-23.299099421952857],[-51.34792246294084,-23.298960482531474],[-51.3477653978759,-23.29884457632226],[-51.34761944990253,-23.29875411834272],[-51.34742848416351,-23.298651023444023],[-51.34728809299171,-23.29859135533772],[-51.347119326933324,-23.298525968796387],[-51.346971846086554,-23.298485195046556],[-51.34683318309572,-23.29845072475004],[-51.3466909254699,-23.29842538559772],[-51.346527659232194,-23.298406596491233],[-51.34638876759329,-23.298397057361417],[-51.346272288771914,-23.29839487567669],[-51.34614603489691,-23.298393980099533],[-51.345955961391454,-23.298408400641964],[-51.34578889792895,-23.29843388080191],[-51.345623615909076,-23.29846757688114],[-51.34543765576004,-23.298522274876177],[-51.345333623077615,-23.298567849608382],[-51.34523759072281,-23.29860618026689],[-51.345120462928755,-23.298655396882026],[-51.34498947984112,-23.298716838428987],[-51.344709274805965,-23.29885873057064],[-51.34393813376145,-23.299263746768204],[-51.343285641162666,-23.299603191891574],[-51.34239130971827,-23.30006194546048],[-51.34231152569883,-23.300106652286605],[-51.34215003934491,-23.30017258422335],[-51.34198265260784,-23.30022579234287],[-51.341843391310505,-23.30026358289097],[-51.34170077123805,-23.30028819246562],[-51.341541309703,-23.300304708898032],[-51.34135794195888,-23.300304295182233],[-51.34117545073456,-23.300302072746522],[-51.340984278316874,-23.30027033108791],[-51.340796091367615,-23.300220426391213],[-51.34061677165231,-23.300157856016874],[-51.3404496637554,-23.300090290778225],[-51.34030187449684,-23.30000506910143],[-51.34028140083116,-23.299990332840306],[-51.34148112296688,-23.295781564931055],[-51.340195914759086,-23.295401205128915],[-51.33912136834692,-23.298299169861888],[-51.33901385001975,-23.29808798412863],[-51.33890820055037,-23.2978820794808],[-51.33885522947861,-23.297779217773158],[-51.33880795859255,-23.29768745431815],[-51.33870806198104,-23.29751324291253],[-51.33859251839657,-23.297338884558126],[-51.338436864990875,-23.29715856056132],[-51.33832746141753,-23.29705302019554],[-51.33817450789633,-23.296934656471503],[-51.33804344577632,-23.296849306186918],[-51.33792613217986,-23.296786689325348],[-51.337764185903445,-23.29670845108257],[-51.3376013146982,-23.296651531635924],[-51.337416270690376,-23.296604506594228],[-51.33723068786337,-23.296576451790408],[-51.33722097641538,-23.2965757988096],[-51.33707057466568,-23.296565685389673],[-51.33688203432021,-23.296566993777542],[-51.336692365921415,-23.296586370360306],[-51.3365463255783,-23.296610801912745],[-51.33640510105259,-23.296644797980267],[-51.336244273392815,-23.29669997316951],[-51.33607166018466,-23.296774052419387],[-51.335923487466424,-23.296845550797585],[-51.33577827539288,-23.296927429744972],[-51.335077450770925,-23.297339568793568],[-51.33440660616746,-23.29773682668756],[-51.33414117840139,-23.297887069232445],[-51.334019966120344,-23.297946854906716],[-51.33385809735182,-23.298016934331407],[-51.33372179745011,-23.298065821963757],[-51.333517357578934,-23.298123616409818],[-51.33338246356993,-23.298148111658364],[-51.33336535744523,-23.298151219240754],[-51.33313463183207,-23.298178176200512],[-51.33297428739571,-23.298181642134804],[-51.33291216346916,-23.29818298444256],[-51.33267077827898,-23.298171031115604],[-51.33237837617552,-23.298131905884578],[-51.33210626921529,-23.298074219478536],[-51.33188305289766,-23.298013990233912],[-51.33166635867391,-23.29794155232442],[-51.33146480466787,-23.297861855713155],[-51.33119869859761,-23.297739117423806],[-51.331006058524466,-23.297625617962183],[-51.330819335130755,-23.297492684823368],[-51.33068995942407,-23.297375799623342],[-51.33053464559555,-23.297209919773277],[-51.33041759188631,-23.29705326225221],[-51.330314859267965,-23.29687444452157],[-51.33020631657135,-23.29663954399507],[-51.33005427445339,-23.29621359655481],[-51.32995115854527,-23.295918524589812],[-51.32992104975619,-23.29584370431535],[-51.32986358579884,-23.295700290728448],[-51.329807347105394,-23.295577830209666],[-51.3297342528425,-23.295440953198398],[-51.3296618960039,-23.295325482823213],[-51.3295582006022,-23.29519156059973],[-51.32946152349671,-23.295088064792555],[-51.32935859438094,-23.29498720162341],[-51.32930225716484,-23.294940833352744],[-51.329238067100825,-23.294888001266322],[-51.32911896304879,-23.29481074803377],[-51.328993904923095,-23.294738385021414],[-51.32886064438362,-23.29467046527886],[-51.32872721701981,-23.294614198350214],[-51.328593725910174,-23.29457175194145],[-51.3284354087551,-23.29453450621879],[-51.3283212213012,-23.294507826917375],[-51.3278604276928,-23.294423622164146],[-51.32545445896845,-23.299718676679767],[-51.32487641457446,-23.300991632630584],[-51.32790597793383,-23.3032378869219],[-51.32832479052063,-23.30354575298461],[-51.32871888872652,-23.303934057058488],[-51.329108955741,-23.304392600105103],[-51.32934589484162,-23.304827814560355],[-51.32955491584717,-23.305344377024365],[-51.33147543220545,-23.31093632195428],[-51.331727663647605,-23.311633650734016],[-51.33208044080316,-23.3123816389216],[-51.33233910340023,-23.312887891751462],[-51.33272558864502,-23.31354063893928],[-51.333127840287396,-23.314182120871475],[-51.33597064482415,-23.31880075187162],[-51.336184692928846,-23.319094305353026],[-51.3364462814043,-23.319437725978958],[-51.33667036474609,-23.319678032220494],[-51.33687712961547,-23.319834445485466],[-51.33724254509791,-23.320101046409384],[-51.33762797388096,-23.320318071944218],[-51.33816620460569,-23.32054405547079],[-51.340324640926156,-23.321297174235255],[-51.34298241498761,-23.32220678439392],[-51.34339442686472,-23.322362268021884],[-51.34383498713037,-23.32258704031648],[-51.34411485536415,-23.322786365255784],[-51.34430842507736,-23.322937408432896],[-51.34468891011494,-23.323320425074964],[-51.34487815607392,-23.32358444508555],[-51.34510522398167,-23.324061009379346],[-51.3455436972255,-23.325305111329754],[-51.344517817479314,-23.32605134397633],[-51.345378786757756,-23.326865730038378],[-51.34602084482703,-23.32670449327496],[-51.34679200990174,-23.329067800860468],[-51.34743042913481,-23.331061478822566],[-51.34919729488646,-23.336639054794425],[-51.34937878175105,-23.33719004364795],[-51.34954119302514,-23.33756806050268],[-51.34978947451958,-23.33796388716671],[-51.35007720109066,-23.338358019184746],[-51.35050037642701,-23.33873545188415],[-51.35087355422063,-23.33898686935093],[-51.35115667044143,-23.33912376588916],[-51.35377079721336,-23.34032776475416],[-51.3541991227479,-23.34047570010123],[-51.35450973834119,-23.3405437939579],[-51.35475810985093,-23.340549412782963],[-51.355167978794995,-23.340588166408203],[-51.35559016885494,-23.34058720838801],[-51.35604937895855,-23.3405078757052],[-51.358823004949876,-23.339880407417798],[-51.359741388221195,-23.339694844410708],[-51.36062238056538,-23.339582042035246],[-51.3616842217422,-23.3395183790822],[-51.3644565598824,-23.339413410188552],[-51.36522284946954,-23.339406973166422],[-51.36570721573877,-23.33944024121327],[-51.36606431890317,-23.339491778990926],[-51.36678174593468,-23.339598252675994],[-51.367291167318484,-23.33971171923264],[-51.36763459674012,-23.33982001589185],[-51.371135506730006,-23.340918582301022],[-51.36963770365758,-23.34235663550027],[-51.37210267473577,-23.34319895414629],[-51.37816592325701,-23.349559773022403],[-51.37439259071821,-23.352222243258897],[-51.375317648631224,-23.352844879777532],[-51.37954961526109,-23.35461361790053],[-51.38023051371677,-23.353792834655327],[-51.385645556663015,-23.351955004550156],[-51.39421274082102,-23.358822931302612],[-51.39598179210427,-23.360240947480392],[-51.39777194624654,-23.359506894210323],[-51.39838015537104,-23.359414964257464],[-51.40482229644295,-23.358380897561393],[-51.40439695499523,-23.357860366237176],[-51.40400399058695,-23.357512910481912],[-51.403572378071786,-23.35723856795496],[-51.40306554568533,-23.35705737081269],[-51.40285870540604,-23.35581141940891],[-51.40309820184728,-23.342265529936626],[-51.40379894529123,-23.342108786917752],[-51.40473380827088,-23.341968979585346],[-51.405711540439,-23.341946822061146],[-51.40643419550267,-23.341925320642602],[-51.40713517512589,-23.341766478249916],[-51.4078783665803,-23.341509384881473],[-51.408642449856565,-23.341134467093692],[-51.40921468314469,-23.34058339786242],[-51.40940412271259,-23.339974444926415],[-51.40967762042853,-23.33905122958841],[-51.41024785088827,-23.337852448702993],[-51.410753339306204,-23.33633979219827],[-51.410858468756096,-23.33596659041215],[-51.410984733031086,-23.335554077905304],[-51.41125978249028,-23.335141174716295],[-51.41162003296951,-23.334786929959073],[-51.41187388441667,-23.334393708989147],[-51.41200044683536,-23.334079333732245],[-51.412314038070114,-23.333519835294563],[-51.41201757897987,-23.332742642890345],[-51.41186589002376,-23.331800912452376],[-51.41175671319692,-23.330859070000354],[-51.411520736716795,-23.330153093545924],[-51.41149845465382,-23.329819480955287],[-51.411646146114514,-23.32946579422553],[-51.411410716738196,-23.328936464493943],[-51.41155846893489,-23.328602406169566],[-51.411834107633474,-23.328385777251796],[-51.41198234233511,-23.328208738138425],[-51.411875285630735,-23.3279538588655],[-51.41189611607673,-23.32781641082642],[-51.41208685795418,-23.327639259855303],[-51.41236309955923,-23.327618905443437],[-51.41251151450384,-23.327500748189145],[-51.41259586348015,-23.32728462146192],[-51.41261651126106,-23.327088290970725],[-51.41274330779828,-23.326852424755593],[-51.41287028485198,-23.326675440798024],[-51.41286919323322,-23.32632214483498],[-51.41295275336403,-23.32585086009073],[-51.4130362512852,-23.325359946925794],[-51.41305612767496,-23.324914346110962],[-51.41296983990696,-23.324502391782183],[-51.41260774168766,-23.324248184830058],[-51.41233035646273,-23.323895616929004],[-51.412180008146656,-23.323385691618753],[-51.41239108817194,-23.32291407151922],[-51.41270855447982,-23.322481425317402],[-51.41291957061368,-23.321990177034273],[-51.41300343038722,-23.321617029372874],[-51.412980782528045,-23.321165651866757],[-51.41255481366668,-23.320872357628673],[-51.41200145077259,-23.32061865333183],[-51.41176712454476,-23.32044261962982],[-51.41176651988874,-23.320246344013743],[-51.41176549198776,-23.319912675184117],[-51.411509310376374,-23.31954042125782],[-51.41095601432682,-23.31930634059813],[-51.41041820949441,-23.319229751541744],[-51.41042923121001,-23.319224236081393],[-51.410271722091224,-23.318955751058166],[-51.41015861168448,-23.3184632099737],[-51.410099705386656,-23.3174664003856],[-51.41012332526875,-23.31709960096235],[-51.41022741604268,-23.316629435824783],[-51.410132933887255,-23.316182733958804],[-51.410138666081885,-23.31601082238986],[-51.41031046887058,-23.31539152609551],[-51.41037092943296,-23.314887149868404],[-51.41053156750602,-23.314646001726214],[-51.41062431548235,-23.31455985564925],[-51.41085347529519,-23.31443315549833],[-51.411107934176634,-23.314455431952414],[-51.41145579259916,-23.314603472166677],[-51.411666809310354,-23.314620170994445],[-51.41175972471204,-23.31455687711671],[-51.411790463767126,-23.314470802909916],[-51.411801472952014,-23.314012352080262],[-51.411808222623534,-23.313994945964296],[-51.41188152575857,-23.31380592003696],[-51.41191189390253,-23.31359952819127],[-51.41189257789276,-23.313393266897346],[-51.411817496637696,-23.3131814613662],[-51.41146941222772,-23.312958900828054],[-51.411344842029514,-23.3128102747841],[-51.41136917261949,-23.31264400505561],[-51.411505264343816,-23.31250038470768],[-51.41206236606789,-23.312092168494807],[-51.41253229836294,-23.31158084303767],[-51.41277914845425,-23.31116765937779],[-51.413037595185656,-23.310456447528008],[-51.41324075937231,-23.31006820070875],[-51.4133202541909,-23.30940326684408],[-51.41398581645791,-23.309419729230896],[-51.41449596495976,-23.309457637465467],[-51.414750917563936,-23.3094373355247],[-51.41487763319385,-23.30918183895152],[-51.415047154829686,-23.309024368121335],[-51.4153656155708,-23.30892538643521],[-51.41581164444144,-23.30884569346317],[-51.41610921965752,-23.308864531577328],[-51.416385971776414,-23.309020818889717],[-51.41670583907819,-23.309373267600318],[-51.416982837740576,-23.3096080646685],[-51.41721660036425,-23.30960744272675],[-51.41742837673883,-23.309371345403715],[-51.41749114942468,-23.3090571349776],[-51.41761792072735,-23.30882126464652],[-51.4176168175015,-23.30846796809215],[-51.41740332763247,-23.308154493323826],[-51.41735984596941,-23.30784056575825],[-51.41746536466831,-23.30760475119582],[-51.417613569245134,-23.307427707628882],[-51.418070092441035,-23.307278240703955],[-51.418209879937535,-23.307838300600366],[-51.418422436821956,-23.308535532560487],[-51.418787893613995,-23.309191070786607],[-51.419128711049225,-23.309445320277696],[-51.419490165162685,-23.309503236445902],[-51.41985174184169,-23.309600407637703],[-51.420085936931116,-23.30973717375626],[-51.42019354907536,-23.310168696182192],[-51.420259769836555,-23.310953627882416],[-51.420210459229395,-23.31195120520382],[-51.42626753450097,-23.308425759239093],[-51.42727548834234,-23.30783904612931],[-51.42662231449448,-23.306904908450278],[-51.426003794479854,-23.306199991620772],[-51.42527921435561,-23.30555424375519],[-51.42483058527599,-23.30480960583326],[-51.42442446155678,-23.304064851449724],[-51.42408862122891,-23.303379703806833],[-51.42516469008977,-23.302951916066345],[-51.42571587979504,-23.30253823813705],[-51.42632969071118,-23.30177108852924],[-51.42668987484967,-23.30143643789713],[-51.427983728395645,-23.30068705765362],[-51.43029565390104,-23.299346044489948],[-51.43180082025746,-23.298242754509868],[-51.43322370942571,-23.29704025298417],[-51.43260347154334,-23.296748833826467],[-51.43186809161146,-23.29639920220126],[-51.42616583856111,-23.296058776034116],[-51.42663135358148,-23.29641189326512],[-51.42726963929086,-23.296665316223965],[-51.42746163343349,-23.296900326805563],[-51.4274624485342,-23.29715548507969],[-51.42705940363326,-23.29737248825836],[-51.42635899378138,-23.297629554419885],[-51.42508634707301,-23.298359236160092],[-51.42421686626437,-23.298911167753033],[-51.423640231329664,-23.29924066085116],[-51.42361311466821,-23.29949966947203],[-51.423847543381584,-23.299714941226604],[-51.42450796222884,-23.300243104397804],[-51.42504107359279,-23.300830492768114],[-51.425213005562675,-23.301438486667596],[-51.42517206455739,-23.301929290819515],[-51.42485443831159,-23.30228345126163],[-51.4244302483937,-23.30253976037212],[-51.42390948938846,-23.302636651631936],[-51.423463410037535,-23.30255415146859],[-51.423123595582446,-23.302613951746018],[-51.42267796521142,-23.302811431046017],[-51.42231659091642,-23.302773149420844],[-51.42178496768919,-23.302656813465767],[-51.42140271408536,-23.302736351831353],[-51.42112745229727,-23.303051135657427],[-51.4210645671972,-23.3033260926335],[-51.420831432153356,-23.30352299596917],[-51.420534608762324,-23.303739697440452],[-51.42030159653539,-23.303975855882207],[-51.42000433988482,-23.304055163022717],[-51.41977064766287,-23.304075416475506],[-51.41936707799653,-23.30413537933315],[-51.41906994241408,-23.304253940606184],[-51.418921927644,-23.30448986892534],[-51.41885916029382,-23.304804080930506],[-51.41873215009124,-23.304961442327215],[-51.41845577121413,-23.304922923956692],[-51.41807295692646,-23.304825806858123],[-51.41781832023886,-23.30494425155359],[-51.41773405453935,-23.305180009779725],[-51.41797397982623,-23.30552720869966],[-51.415578652468064,-23.30567446791649],[-51.41415486613659,-23.305678235231472],[-51.41283696923799,-23.305563943949057],[-51.410306891772834,-23.30515840242372],[-51.40813581058764,-23.304716973511468],[-51.404635046178704,-23.297136659595907],[-51.40169847401914,-23.298167417111202],[-51.40169888390326,-23.29769219151704],[-51.40194919005245,-23.297388103504062],[-51.40210308773638,-23.297155662375317],[-51.40202482508808,-23.296834566273322],[-51.401907913847836,-23.296513570062206],[-51.401983387760254,-23.2959064831409],[-51.40205902191656,-23.295352945803003],[-51.40215414064553,-23.294852908512414],[-51.40217207023346,-23.29438876732071],[-51.40228581354608,-23.293656634514345],[-51.40251614271677,-23.293138399159048],[-51.40276643863879,-23.292834309810086],[-51.40298240906924,-23.291015879420847],[-51.40646724043929,-23.29049963724582],[-51.40800175422538,-23.289954924594134],[-51.40871932677057,-23.289276628200668],[-51.41056730058879,-23.28852560460963],[-51.410735401415316,-23.28815941565337],[-51.40659571854008,-23.286011659305366],[-51.40616514347039,-23.285527398231324],[-51.40557539319767,-23.28564753117948],[-51.405225707680344,-23.28464283091287],[-51.40442284338116,-23.285392449857373]],[[-51.33912136834692,-23.298299169861888],[-51.33912342639225,-23.29830321309735],[-51.339119185840445,-23.29830505506186],[-51.33912136834692,-23.298299169861888]]]]},"properties":{"slug":"rolandia","name":"Rolândia","developed_extent_km2_2024":19.2,"gva_csi_usd_million_2023":577.607,"lud_2023_2024":30.084,"developed_land_value_usd_million_2024":1863.82,"lvy_2023_2024":0.3099}},{"type":"Feature","geometry":{"type":"MultiPolygon","coordinates":[[[[-51.31571234896884,-23.303908591903294],[-51.32016192618022,-23.29752127422075],[-51.325606410189124,-23.299790898988245],[-51.32772935034249,-23.29440506408199],[-51.32338928290069,-23.292902668835683],[-51.31955509725815,-23.291942097205375],[-51.317567749511575,-23.289683542693133],[-51.3176398343529,-23.287917984084505],[-51.31865747315283,-23.28499193090963],[-51.316919931498724,-23.28329073742139],[-51.31422731207447,-23.283801099134077],[-51.31167197010798,-23.284106273047435],[-51.30988021799975,-23.276217478351644],[-51.30897082042594,-23.276697841744884],[-51.306008671243525,-23.27333233287458],[-51.3044103109971,-23.27383867189597],[-51.30422154683718,-23.27023991117593],[-51.30164363953144,-23.269494781409872],[-51.3018540810938,-23.26851185174672],[-51.29780518257661,-23.26254602290857],[-51.29996700947725,-23.258476758170477],[-51.28994753721299,-23.255155146891376],[-51.29111136138848,-23.250949904084113],[-51.281599306020595,-23.25156920877732],[-51.27491573839466,-23.247935656106755],[-51.270495354042154,-23.24827610891942],[-51.26867430227999,-23.24323659773036],[-51.263306252275434,-23.247223953515707],[-51.260723532789235,-23.247483175232794],[-51.260444779509896,-23.238041784562174],[-51.259460553114536,-23.2338553000334],[-51.257326102067836,-23.231230985720202],[-51.25488248102414,-23.229227626913143],[-51.25220824677996,-23.227112046479775],[-51.24356916632122,-23.218793053257293],[-51.23882881899077,-23.212171350827898],[-51.23418078054943,-23.20424614437886],[-51.232853710658574,-23.20224094532221],[-51.23161963669673,-23.20058816194171],[-51.23019701922328,-23.198838808708256],[-51.228184208274406,-23.197378005471197],[-51.22616796123253,-23.19657895122],[-51.21623315236545,-23.19336247170945],[-51.214502936511884,-23.19193831918484],[-51.212641095069536,-23.190860296080707],[-51.210778673616176,-23.190514933255812],[-51.209447934765144,-23.190925100172038],[-51.20490140764144,-23.195355358111463],[-51.20473726658846,-23.19614353636306],[-51.20662760256965,-23.19985921293917],[-51.22317432548139,-23.205185694127223],[-51.22562715148188,-23.208615158311122],[-51.23098287039073,-23.217643517748456],[-51.23602023560992,-23.224531937915273],[-51.240305531644864,-23.228718265217818],[-51.24619612505626,-23.2343614459395],[-51.2438046995209,-23.236603491088303],[-51.24795062873204,-23.247762743520394],[-51.24751693750746,-23.247688091346756],[-51.23624138600942,-23.254882164593056],[-51.23871004425221,-23.257055860682893],[-51.238710468306884,-23.277053217964948],[-51.2350726118371,-23.287135010422162],[-51.232926189285344,-23.287236762568995],[-51.211019035480994,-23.307007894107233],[-51.21659445525023,-23.31214063654272],[-51.221546806636944,-23.31670082100526],[-51.2232892525747,-23.318341186685107],[-51.22617825487164,-23.311762257135435],[-51.22923517787354,-23.314932658812623],[-51.227992495144676,-23.316622565093937],[-51.22765196920941,-23.31963277657163],[-51.2269079574201,-23.320052446258657],[-51.22706847612049,-23.320750557422606],[-51.227417025458756,-23.322504447064404],[-51.22720784987319,-23.322875646644505],[-51.22738000754308,-23.32328287683649],[-51.22785759577145,-23.323322470416645],[-51.2300132875462,-23.325369004867728],[-51.230366616433706,-23.32640457361522],[-51.22971003775934,-23.327743507965735],[-51.22912676715809,-23.3304271691079],[-51.2301436760269,-23.332979764122477],[-51.23088123035717,-23.333202968583688],[-51.233448146383495,-23.33394700747139],[-51.23363433686083,-23.332123325686727],[-51.24037561071972,-23.324393331263067],[-51.25036741013066,-23.320049243169148],[-51.25205772818278,-23.318993283423314],[-51.266835876433376,-23.312699904703756],[-51.27635819030194,-23.318787193939915],[-51.27896895652818,-23.31857643529844],[-51.28699534454811,-23.330511061925158],[-51.29833800463728,-23.32540412110532],[-51.292315200225836,-23.314435409954736],[-51.31571234896884,-23.303908591903294]]]]},"properties":{"slug":"cambe","name":"Cambé","developed_extent_km2_2024":26.33,"gva_csi_usd_million_2023":811.391,"lud_2023_2024":30.816,"developed_land_value_usd_million_2024":3084.83,"lvy_2023_2024":0.263}},{"type":"Feature","geometry":{"type":"Polygon","coordinates":[[[-51.395581142889796,-23.5755623285707],[-51.392122667691154,-23.57594188273393],[-51.39213685730086,-23.58672274680319],[-51.38776704471082,-23.59378214339457],[-51.407249883195,-23.595095394086847],[-51.40851808472455,-23.59820551179658],[-51.408664826936864,-23.599064487404817],[-51.40993723430998,-23.599531100055827],[-51.40996126470508,-23.599473408638598],[-51.41149716611524,-23.599789461778045],[-51.41264127988209,-23.59997159417215],[-51.41483453816416,-23.600397779890322],[-51.41874652568359,-23.595238069519915],[-51.42657309483522,-23.588549543205268],[-51.42732737591819,-23.591733537925805],[-51.43286680140649,-23.591330160227503],[-51.433949601853115,-23.5901976137102],[-51.44295743809536,-23.598554602063857],[-51.44327753209068,-23.59843201998551],[-51.443428228305926,-23.59999160539734],[-51.44807343101403,-23.59903156853622],[-51.45595558657385,-23.598929411178386],[-51.456970299981705,-23.602853243478926],[-51.46557207810452,-23.602629878443384],[-51.46588514037212,-23.60226817945599],[-51.475056661916284,-23.603904366585123],[-51.474990586011025,-23.60303030914186],[-51.47508625861795,-23.602270741036435],[-51.49638144443951,-23.5961619106719],[-51.49694458876588,-23.596179620101765],[-51.49844765711118,-23.59422359676703],[-51.500491032209844,-23.59237836527191],[-51.49995445753389,-23.591065679308944],[-51.50047895277528,-23.589193894838697],[-51.500445209502885,-23.58714470207489],[-51.50063803995865,-23.58671991291608],[-51.502110081176404,-23.585125887734826],[-51.50262114221197,-23.584861388472177],[-51.504375279093765,-23.584162637510325],[-51.5050078961644,-23.583473477642436],[-51.5066465900718,-23.583115603069817],[-51.50750131593989,-23.582873903167595],[-51.51155528605304,-23.580479091912082],[-51.51174871475012,-23.580220305225435],[-51.51180072820978,-23.57958207576401],[-51.51150073445242,-23.57846456474017],[-51.51152142740804,-23.577912066748816],[-51.51337095882717,-23.577966124594656],[-51.51543277586805,-23.577121803368325],[-51.51552098522232,-23.576823617841065],[-51.515643633872244,-23.576712020461315],[-51.51591928383669,-23.576632703236832],[-51.516205763855176,-23.576716748075146],[-51.51662210705082,-23.576654756313218],[-51.51688758911532,-23.576581703627944],[-51.5171625754358,-23.576658468571807],[-51.51735309769424,-23.576887622055143],[-51.526749873506894,-23.576303717646905],[-51.5241742129635,-23.56775834983148],[-51.523607658333084,-23.565836690072175],[-51.52464973137834,-23.56128664801892],[-51.52405723472367,-23.559241690970893],[-51.525383251883326,-23.554829695922603],[-51.52273894481047,-23.555770764894003],[-51.522031485317115,-23.553802690896767],[-51.52194562728809,-23.55320023673804],[-51.52169037459364,-23.551979801352164],[-51.521447873055656,-23.55125819068086],[-51.520885831908174,-23.550154398483297],[-51.520055677956165,-23.549085553344813],[-51.518739368048934,-23.54796331710638],[-51.51649415786055,-23.54655953998018],[-51.51431516806374,-23.542546452037733],[-51.51491100531658,-23.540878693843133],[-51.51508904878104,-23.53980494419604],[-51.5151292646236,-23.538207399767405],[-51.514743304487375,-23.536454369409046],[-51.51387662548109,-23.534849977035677],[-51.513024013922035,-23.533886755183733],[-51.50813369651585,-23.53016737094678],[-51.50670969650481,-23.529396203700312],[-51.505807813844775,-23.529051743442047],[-51.50427571529622,-23.52869857210911],[-51.50288761805496,-23.528574800090293],[-51.501162184607225,-23.52864287072019],[-51.49940529859789,-23.528761334768323],[-51.498958710723116,-23.528558720454974],[-51.49773873674336,-23.52630330036079],[-51.495938158269,-23.522361795669283],[-51.502243300517364,-23.5186548322249],[-51.49568150705784,-23.510874022518944],[-51.490981747068204,-23.51724327277168],[-51.48611525759315,-23.52346657526605],[-51.46933839788694,-23.51313810606],[-51.4701014446147,-23.511182403638188],[-51.471958183834595,-23.506184170066405],[-51.461627945471406,-23.50339025127765],[-51.45171048586933,-23.514130535251056],[-51.44402634124589,-23.51601390662882],[-51.44695111723834,-23.512473946753154],[-51.43965057530464,-23.51007875764019],[-51.437963956427154,-23.514656302503827],[-51.42159848238816,-23.506178220421827],[-51.418853106798565,-23.50786516690579],[-51.4037995593746,-23.515620928033034],[-51.40576734865229,-23.52435042732293],[-51.40494345285787,-23.524683801352563],[-51.40805478513163,-23.530192478983487],[-51.40828449776317,-23.535299765428505],[-51.39761107234521,-23.54293680045515],[-51.39781859516139,-23.548738857446978],[-51.39820307457617,-23.549524799575053],[-51.39819398404584,-23.55236180203373],[-51.39752447837092,-23.55825542733515],[-51.398175038769566,-23.55830190697053],[-51.39603111921483,-23.568077744605933],[-51.39728680879868,-23.57117218085312],[-51.39480045018075,-23.57181052985205],[-51.395581142889796,-23.5755623285707]]]},"properties":{"slug":"apucarana","name":"Apucarana","developed_extent_km2_2024":34.16,"gva_csi_usd_million_2023":555.156,"lud_2023_2024":16.252,"developed_land_value_usd_million_2024":2866.91,"lvy_2023_2024":0.1936}},{"type":"Feature","geometry":{"type":"Polygon","coordinates":[[[-51.978806442073335,-23.465793548667488],[-51.98786460365829,-23.468201193431955],[-51.989522460789914,-23.476424212082215],[-51.98950262272774,-23.47652143171572],[-51.989541248299325,-23.47673759265711],[-51.9895507752326,-23.47710901636136],[-51.98960444372693,-23.477202427585503],[-51.98964678486178,-23.477339083524964],[-51.98965503001275,-23.477446782622064],[-51.989751979001795,-23.47756647303243],[-51.989772161572354,-23.477870000712237],[-51.98963516401596,-23.47785524421576],[-51.989596017206416,-23.477871028610142],[-51.98949661411348,-23.478078671471465],[-51.989486025018294,-23.478142414087348],[-51.9894924910647,-23.47819539162767],[-51.989522965833274,-23.47825092546586],[-51.98962335184374,-23.47831938283449],[-51.989626126927924,-23.478376356961025],[-51.989593432788375,-23.47843021441431],[-51.989478401654935,-23.478485588001654],[-51.98933994300483,-23.47861634651294],[-51.98931005717003,-23.47866603138054],[-51.989336015377525,-23.47878554027536],[-51.989488926355925,-23.479003866057422],[-51.98953932377962,-23.479170456991245],[-51.9896810263183,-23.479290676178685],[-51.98970293428495,-23.479352858593664],[-51.989712785169765,-23.479478881458526],[-51.989839329660555,-23.479614731707937],[-51.98989549796378,-23.479727907813487],[-51.99006571938949,-23.479890666733287],[-51.99009618941781,-23.479945477902938],[-51.99013833246823,-23.48005540025401],[-51.99012001429896,-23.480106998827427],[-51.9901318279216,-23.480215311032037],[-51.99010603000546,-23.48024058015024],[-51.99013588126913,-23.48029105989215],[-51.99024086069663,-23.480358223142716],[-51.99028162309471,-23.48040122732751],[-51.99034614982439,-23.480492943473656],[-51.990779222294094,-23.48097493719638],[-51.990912688524205,-23.481171889800336],[-51.990960272707795,-23.48121060540086],[-51.99098986145707,-23.48121303656723],[-51.99105648987262,-23.48118255278212],[-51.991179307660985,-23.481300977574318],[-51.99130283918229,-23.481349797397886],[-51.99137840808074,-23.481449190471082],[-51.99141359991068,-23.48146748217857],[-51.99157693091911,-23.481493900457444],[-51.991626252885546,-23.481529262963218],[-51.99173962120211,-23.481565572781182],[-51.991775406149586,-23.48168935397273],[-51.991767199654035,-23.481770422904454],[-51.99235455737833,-23.482429630804273],[-51.99243155032384,-23.482498777949527],[-51.99251575316152,-23.482549994958017],[-51.99256682124803,-23.482569991690546],[-51.99273176908227,-23.48256352207663],[-51.99278203494943,-23.482580994897603],[-51.99286461773083,-23.482638273444152],[-51.992887404457726,-23.48268662992834],[-51.99288874980671,-23.482735664906354],[-51.99283522038136,-23.482870853048844],[-51.99284125582662,-23.48291841303896],[-51.99297208342604,-23.48293230175983],[-51.99302826393075,-23.482954885034243],[-51.993070586793124,-23.483010161953136],[-51.99308529513849,-23.483104271588495],[-51.99315947958738,-23.483190686380613],[-51.99320851930673,-23.483227314621807],[-51.993267794421584,-23.483244820188116],[-51.99332728870459,-23.483239292838043],[-51.99337589796429,-23.48327086677375],[-51.99339605270525,-23.48338625617981],[-51.99344195760082,-23.483422814905484],[-51.99356095725834,-23.483465500130272],[-51.99368913641783,-23.483609374092254],[-51.993844561377514,-23.48370412281009],[-51.9940093110667,-23.483880188933643],[-51.99415519093412,-23.484086180683093],[-51.994212748603935,-23.48413576027509],[-51.99431872990373,-23.484192075866854],[-51.99441827646929,-23.484278237893122],[-51.99468740944006,-23.4845323055744],[-51.99492900304319,-23.484809219660704],[-51.99514231492329,-23.48495787771793],[-51.9952984637817,-23.485148720262472],[-51.995477031356835,-23.485260388953346],[-51.99573705325474,-23.485565633722356],[-51.99576683309876,-23.48567147858312],[-51.995818988466674,-23.48574475576551],[-51.99589007209019,-23.485808880030362],[-51.996070752941336,-23.4860323500463],[-51.99632545178331,-23.48624116651362],[-51.99636330943128,-23.486327269943686],[-51.99646037837104,-23.486461226319218],[-51.99651475377186,-23.48669950276925],[-51.996756386050464,-23.48695446494635],[-51.996858284145226,-23.48718358598807],[-51.99691322771711,-23.487354028685374],[-51.996997699348704,-23.48775288195863],[-51.996992808375204,-23.487948906506222],[-51.99707998038897,-23.488094756679033],[-51.997137253159636,-23.4881581557889],[-51.99722214799995,-23.488326690625755],[-51.997403180713626,-23.48855711121614],[-51.99755755714501,-23.48899290799799],[-51.99769167603163,-23.489235099058952],[-51.99774292088336,-23.48946029953155],[-51.997711210569115,-23.489592729310452],[-51.99773328716229,-23.489715603949502],[-51.99777588247345,-23.48975434922839],[-51.99791596465109,-23.489721840460298],[-51.99795538104484,-23.489728542645693],[-51.99794736434382,-23.489821352042323],[-51.99797554645035,-23.489805636624517],[-51.99803952387541,-23.489887959500752],[-51.998090165763614,-23.490097989112027],[-51.99816082109351,-23.490299852077804],[-51.99819165609473,-23.49049339063339],[-51.998170126394655,-23.49054726769349],[-51.998163350193266,-23.490739781782892],[-51.9981373208562,-23.490859351684165],[-51.998100345342706,-23.490968783790905],[-51.99800884453909,-23.491028800910232],[-51.99790785413265,-23.491064040003735],[-51.99786081156483,-23.491137048382335],[-51.99786818937254,-23.49132360105911],[-51.99785642979817,-23.491400538187413],[-51.99788050207535,-23.491502264339804],[-51.99783377291657,-23.491641646442808],[-52.00352567345939,-23.48825014622558],[-52.00346774439717,-23.486853064757288],[-52.00349993470866,-23.486575293443252],[-52.003517049820964,-23.48615844877786],[-52.00350674473275,-23.485987180186417],[-52.00346403151978,-23.48588114839193],[-52.003450768139146,-23.485837827198036],[-52.009090166903476,-23.48836378060799],[-52.009052858382425,-23.488185781671312],[-52.00895351841735,-23.488025565362417],[-52.00893625958595,-23.48782923273455],[-52.008987555129366,-23.487749871301666],[-52.0090169686457,-23.48763885915196],[-52.008999683583205,-23.487542148825987],[-52.00900215900957,-23.48735273333024],[-52.00904139694979,-23.48725881822546],[-52.00919537668104,-23.48700736592986],[-52.009229294891135,-23.486922155875877],[-52.0092471187533,-23.486832353436693],[-52.009241699593396,-23.486737913686806],[-52.00920359710208,-23.486620745387995],[-52.009235262808545,-23.48654837525173],[-52.00926571074268,-23.48653472141522],[-52.00928078036423,-23.486507618369743],[-52.00928458148687,-23.486376630831828],[-52.00925135193921,-23.486359324081587],[-52.01127887031924,-23.480083178761845],[-52.01488834838372,-23.48079605849894],[-52.01504521144635,-23.480120261394173],[-52.01659783785479,-23.478131430740383],[-52.025115901235786,-23.479814800517516],[-52.02770668115981,-23.47986336767812],[-52.031747825169845,-23.48066111413318],[-52.032475062699376,-23.477526467623534],[-52.03044830356598,-23.477126415112192],[-52.03376673575816,-23.467132642959413],[-52.0294848555807,-23.46798519278334],[-52.02777495093526,-23.467749972491653],[-52.02673115832738,-23.467431057086078],[-52.02663423873753,-23.467381659252386],[-52.02654676979737,-23.467313591597982],[-52.02647961099942,-23.467238436538594],[-52.026428895346854,-23.467213210028536],[-52.02627370043591,-23.46718650343062],[-52.026034481660695,-23.467106699935417],[-52.02555476401351,-23.46687014830801],[-52.02526312008219,-23.46678445541423],[-52.025133062931154,-23.46669110748438],[-52.02500972896167,-23.46656818178382],[-52.02482146282868,-23.46644270033981],[-52.02471343952731,-23.4662737916285],[-52.02467429614438,-23.466238281516414],[-52.02400781851457,-23.465918142161676],[-52.02395000783837,-23.465848795307195],[-52.02387758164435,-23.465801401630273],[-52.02383718468282,-23.465793718744926],[-52.023686867659116,-23.46582794294993],[-52.02339252410753,-23.465836106735733],[-52.023116282441144,-23.465766656419262],[-52.02291465467567,-23.465685607874953],[-52.022576798600554,-23.46549770148413],[-52.02212713339887,-23.46530971426797],[-52.021611059324314,-23.465028860939224],[-52.021100074007364,-23.46478572597002],[-52.02082915740581,-23.46463169868962],[-52.02072697605708,-23.464550659222244],[-52.02063040436209,-23.46450393320468],[-52.02040854842218,-23.46435102920562],[-52.02001763377906,-23.46402292643086],[-52.01973118945523,-23.463886520643626],[-52.01949403114558,-23.463729560631503],[-52.019222775442266,-23.463581854994484],[-52.01914257053856,-23.4635154524757],[-52.01908584822489,-23.46342162004563],[-52.019048084015765,-23.463386913207447],[-52.018895634763375,-23.46334726457568],[-52.018802217246645,-23.46326866565735],[-52.01860641310368,-23.463167431177606],[-52.01843908377779,-23.46310241011297],[-52.01810610164149,-23.462820710294316],[-52.017956945560854,-23.46281472924235],[-52.01785760200937,-23.462780333665428],[-52.01768222186525,-23.462661172681912],[-52.01757976024357,-23.4626413386842],[-52.01753552735099,-23.46261841517819],[-52.01718837444863,-23.46237808169364],[-52.01703754263356,-23.462255418037216],[-52.01695001305766,-23.462216699816885],[-52.01673601986503,-23.462066719595313],[-52.016707534964716,-23.46202906144815],[-52.01657090763361,-23.46193294894228],[-52.016382256527166,-23.461742519683913],[-52.01633328555412,-23.461714478488258],[-52.01625501614438,-23.461606424540214],[-52.0161735356774,-23.461539306157427],[-52.016127662049996,-23.461506728744265],[-52.01596639317394,-23.461491070154775],[-52.015929135712334,-23.461458436559933],[-52.015600932750715,-23.461032369505293],[-52.01554580632299,-23.461005903556007],[-52.0154432812244,-23.460990494170105],[-52.015405649995266,-23.460960030539976],[-52.01537318592316,-23.460914178961964],[-52.01536234464734,-23.460866380236812],[-52.015342413795665,-23.460666993452865],[-52.01521769200604,-23.460565383917906],[-52.01504043895887,-23.460456798440983],[-52.014958020271585,-23.460343622566615],[-52.01487096804265,-23.460162195289886],[-52.01483005530239,-23.460137984899053],[-52.01476788089484,-23.460060353383337],[-52.01470871083758,-23.460029939368656],[-52.01457196069104,-23.4599172973273],[-52.014503057283285,-23.459779014788808],[-52.01445520225815,-23.459755933277123],[-52.01437141146086,-23.45968088079187],[-52.01432327539336,-23.459685077542463],[-52.01426772360034,-23.45964127254314],[-52.01396342016917,-23.45935639534007],[-52.01387411583392,-23.459251573884405],[-52.013773519790824,-23.459206526027238],[-52.01352727499461,-23.45897302363895],[-52.0134025066703,-23.45881387843209],[-52.01334261432511,-23.458727199519966],[-52.013332941168535,-23.458678399512525],[-52.0133056102826,-23.458637662321088],[-52.01326360143534,-23.458610839348125],[-52.0132169432943,-23.458526422724027],[-52.01301125587655,-23.45851430096297],[-52.01285296144827,-23.458464659585964],[-52.01276619467393,-23.458409947388624],[-52.01278293621339,-23.45832015142862],[-52.012737666621796,-23.45817385676895],[-52.01273877781568,-23.458126882507592],[-52.01271262072672,-23.458086228803467],[-52.012519125614276,-23.458016583106982],[-52.01212477111174,-23.457733100281686],[-52.011993188110495,-23.457655556590037],[-52.01170723595005,-23.45751651377648],[-52.011563108347126,-23.45747572079433],[-52.01148359069845,-23.457408587060286],[-52.01141805391542,-23.45732609863713],[-52.011247054623524,-23.457214849685553],[-52.011125391567695,-23.457038521654482],[-52.01095746400494,-23.45695787078418],[-52.010800930803,-23.456856191760966],[-52.01076803967187,-23.456818198793364],[-52.01072185469866,-23.456795648079158],[-52.01067157090785,-23.45680039950984],[-52.01057948649542,-23.456844258220613],[-52.010526537606424,-23.45684640850528],[-52.0104248653279,-23.456839659955804],[-52.01021534471963,-23.45678646474891],[-52.00975464422726,-23.456544499763375],[-52.00935966014062,-23.456215492603963],[-52.00930307007907,-23.456203927511442],[-52.00919758851699,-23.45611428668942],[-52.00907321598566,-23.4560753632154],[-52.00884903334872,-23.456063626429785],[-52.008503749496136,-23.455987732419235],[-52.00845515726564,-23.45599617529853],[-52.00838371793341,-23.45606428646712],[-52.00814793371095,-23.456162091037925],[-52.00792473458397,-23.45620255131153],[-52.00786324251561,-23.456201142193258],[-52.00782659519549,-23.456183946353896],[-52.007790781405454,-23.456134683460558],[-52.0077292392104,-23.456113765572976],[-52.00766490547358,-23.45611201345249],[-52.00753149389416,-23.456115494381926],[-52.00741209836633,-23.456147064415187],[-52.007342885207294,-23.456147240383174],[-52.00716070408769,-23.45620035041721],[-52.006909439167025,-23.456193391080504],[-52.00684322514994,-23.45616329038977],[-52.00678529898615,-23.45611570449349],[-52.00667563412099,-23.45607477481437],[-52.0063639158248,-23.455905025956387],[-52.00582154392884,-23.45572725122043],[-52.02742293293196,-23.44684439099714],[-52.025264371050525,-23.446183184525516],[-52.02446168335089,-23.44604833983386],[-52.02875264563021,-23.437007982621626],[-52.02741160831105,-23.437156350886873],[-52.02715852835972,-23.43726754496681],[-52.02700392219225,-23.437299812738342],[-52.02668589526455,-23.43728772457002],[-52.02652608741136,-23.43725499606091],[-52.02631903991064,-23.437252564043924],[-52.026268632161795,-23.437240341040937],[-52.026185377183,-23.437182903255312],[-52.026046874694416,-23.437031534119452],[-52.0257248521011,-23.436780666390735],[-52.02558979433776,-23.436695026776995],[-52.025215660635624,-23.436490020419836],[-52.024717104530545,-23.436283662238694],[-52.02434149029752,-23.436089320223488],[-52.02400121775815,-23.43594658976732],[-52.02335760722954,-23.435601184121865],[-52.02314379720482,-23.435584611072088],[-52.023041649460374,-23.435539578810438],[-52.02262444607204,-23.43543537393033],[-52.02217297130801,-23.435278645680057],[-52.02175558458478,-23.43508673840384],[-52.02171364771851,-23.43505576319628],[-52.0215852937528,-23.434899355855205],[-52.02137871612043,-23.434256999692565],[-52.02123671000154,-23.43397974427141],[-52.02094246916847,-23.43362255791467],[-52.020582007795895,-23.433130956624698],[-52.02041755119353,-23.43297622930708],[-52.02031840168759,-23.43279858632897],[-52.020155167687804,-23.43257349261269],[-52.01974034916366,-23.432089650526358],[-52.01967027917516,-23.431899894041578],[-52.01961721612831,-23.43182202465085],[-52.019484661971894,-23.431742595152446],[-52.01943356293493,-23.431678170500266],[-52.01941453227284,-23.431608928341856],[-52.01942738276014,-23.431561516927093],[-52.01950240739294,-23.43142726361149],[-52.019487454611024,-23.431353570071327],[-52.01933072755588,-23.431032152090474],[-52.01925406786152,-23.430965906299047],[-52.01907389473741,-23.430752302144327],[-52.01894396677327,-23.43063221113232],[-52.018847417244245,-23.430435583861023],[-52.01867964924632,-23.430256760754343],[-52.01856786699759,-23.430179815055112],[-52.01849870124603,-23.430043973796117],[-52.01846535697939,-23.430009960126018],[-52.01837932680542,-23.429959761578385],[-52.01790979174566,-23.429755178233858],[-52.017824187092764,-23.429671016375757],[-52.0177396098817,-23.429529133460857],[-52.01762906423445,-23.429447482363035],[-52.01751018994537,-23.42928766856197],[-52.01744822212837,-23.429273620301753],[-52.01736237645766,-23.429170673232015],[-52.01664419653316,-23.428820845851703],[-52.01641431627275,-23.428659586181105],[-52.01628990365583,-23.428504955651306],[-52.01623664619418,-23.42846510997068],[-52.01587054157776,-23.428332464141924],[-52.015530263907266,-23.428159547478764],[-52.01548341141105,-23.42812525879761],[-52.01524446124908,-23.427839777159523],[-52.01518930474659,-23.42779470399709],[-52.01498431382384,-23.42777770255802],[-52.01471544890644,-23.427791732541948],[-52.01461649385526,-23.42774053197678],[-52.01446431202065,-23.42758924151538],[-52.01446423073664,-23.427565758890882],[-52.0144892907093,-23.427540487174195],[-52.01446764350295,-23.427435766500697],[-52.014350780232256,-23.42728234973752],[-52.014313559957884,-23.427253237567477],[-52.014262373945314,-23.427253841002493],[-52.01421597125272,-23.427278438426935],[-52.014166500863055,-23.42726015384406],[-52.014129061765985,-23.42716384509754],[-52.014087375873444,-23.427139547920014],[-52.01401496505023,-23.42714209640774],[-52.01393871417154,-23.42718016458706],[-52.01376268966063,-23.4271880814352],[-52.01358607510856,-23.427105500533212],[-52.01347865164124,-23.427034664457327],[-52.0134110090981,-23.42696935151339],[-52.013424519045806,-23.42687993750989],[-52.01346009282064,-23.426795798598814],[-52.013344569705296,-23.42665104302927],[-52.01295799578568,-23.42669545954571],[-52.012864225398324,-23.426669513748994],[-52.01277835055872,-23.42662617527415],[-52.01262305983837,-23.426516179242775],[-52.01226862526406,-23.426205338212164],[-52.01205763544181,-23.42590133424783],[-52.01196851721665,-23.42574050924764],[-52.0117887509355,-23.425526441776974],[-52.01109326223132,-23.425028406375993],[-52.010915740070075,-23.42481296848591],[-52.01076510361273,-23.424580827815884],[-52.01062817433411,-23.42445210491128],[-52.0104705646755,-23.424345373111233],[-52.01039003403869,-23.424180788413167],[-52.010336605517075,-23.424105084691544],[-52.01014662589777,-23.423898758418993],[-52.009924183449165,-23.423722357088106],[-52.00967697936436,-23.423442879799996],[-52.00902144304035,-23.423048081998715],[-52.008676700775496,-23.422877075212927],[-52.008367302948635,-23.42265607312384],[-52.00818362059796,-23.422595480093722],[-52.00809755588275,-23.4225525014105],[-52.00787055608529,-23.422381094000645],[-52.007730424707525,-23.422255368697506],[-52.00763362398997,-23.422242175204676],[-52.0075367260268,-23.42225490231508],[-52.00744315234665,-23.422228409940534],[-52.007463520208205,-23.42204881269051],[-52.00743301848812,-23.42196302569204],[-52.007299695100436,-23.421831475576173],[-52.00721837207619,-23.421781240198825],[-52.007124416882874,-23.421756014561225],[-52.00704851206074,-23.421762103848664],[-52.00696986704262,-23.421742379239035],[-52.00692535437771,-23.421680435724724],[-52.00690272126478,-23.421560907602565],[-52.00686464388304,-23.421534508671282],[-52.00668414670514,-23.421493583039474],[-52.00659038432899,-23.421377403550668],[-52.00647191313425,-23.42132000093428],[-52.00630430803223,-23.421120299452582],[-52.00619456773079,-23.421039628108034],[-52.006127863519666,-23.42100691036312],[-52.00579534915556,-23.420963440389933],[-52.005698457683835,-23.420834545347333],[-52.00563373474102,-23.420779053970843],[-52.005581498174635,-23.420834575853515],[-52.00554583700929,-23.42097236290347],[-52.00550992771915,-23.421012604972304],[-52.00545380882888,-23.421007728589544],[-52.005406059419954,-23.420970643464173],[-52.00534139541078,-23.420948840068128],[-52.005102942776396,-23.420815256835766],[-52.00496357085399,-23.420815521426565],[-52.004774158423665,-23.420760290010083],[-52.00460228620197,-23.420668907827686],[-52.004491939568155,-23.420559606771622],[-52.00432164391135,-23.420495490793467],[-52.00421295453315,-23.420437120307117],[-52.00396903484091,-23.420395876665197],[-52.00373114555247,-23.420310698313724],[-52.00365022387875,-23.420235530075736],[-52.00357380436349,-23.420199260831627],[-52.00343629132751,-23.42008245723225],[-52.00309022906993,-23.419864389327028],[-52.00295611118219,-23.419899210963024],[-52.0028446120195,-23.41994833848139],[-52.00262161085705,-23.419864598242942],[-52.00242166597413,-23.419826953615868],[-52.00237394597439,-23.419754641577132],[-52.00232388872205,-23.41970998338579],[-52.00211885671048,-23.41967273228704],[-52.002009309985866,-23.419630262964024],[-52.001844013536605,-23.419488888411006],[-52.00172821034202,-23.41934340281533],[-52.00163819491601,-23.41930812298674],[-52.00154510350713,-23.419280269081334],[-52.001349873534906,-23.419270863023606],[-52.00107973266969,-23.419165384596678],[-52.0006959588114,-23.41911157431771],[-52.000323832879424,-23.419005935025233],[-52.000120977841235,-23.418984653984904],[-52.000014782490794,-23.418997256179015],[-51.99995799150275,-23.419020018265],[-51.99984662322597,-23.418969430230884],[-51.99975214715909,-23.418809355334943],[-51.99970788168009,-23.418792748775907],[-51.99965986302302,-23.418797662431523],[-51.99929390146207,-23.418678432246704],[-51.99918819934179,-23.418665470099896],[-51.998977670030186,-23.418716944416406],[-51.998776806233955,-23.418556826701742],[-51.998464220271764,-23.418181286603478],[-51.99827822664434,-23.417902482676617],[-51.998208678454574,-23.417842593221575],[-51.99814260088861,-23.417749443708114],[-51.99811762792794,-23.417708236614565],[-51.998105655651024,-23.417638765627036],[-51.9978266148455,-23.41710278162373],[-51.99747929865107,-23.416571658706957],[-51.997143150045524,-23.416159053239536],[-51.99699179870471,-23.415866026776587],[-51.996771840754256,-23.41561218532243],[-51.99663896325054,-23.41543338607152],[-51.996500484980544,-23.415303846983285],[-51.99626157341865,-23.414740506730148],[-51.99583903354817,-23.413846771663334],[-51.995799756671104,-23.41363323381124],[-51.99577511388743,-23.41330913999316],[-51.995727435883765,-23.413163035523297],[-51.99562251958069,-23.412940299535308],[-51.99560746219926,-23.412707049277344],[-51.99557811086674,-23.41260363888837],[-51.99544950555291,-23.412498151329224],[-51.99530742761979,-23.412292403576373],[-51.99479780215595,-23.411843866068676],[-51.994709287165485,-23.411812004640513],[-51.99460971700805,-23.411754472234193],[-51.994428319176286,-23.41161698515976],[-51.9943500078348,-23.411536104928214],[-51.99429253870471,-23.4114416342769],[-51.99398643715076,-23.410737907904295],[-51.99396714175484,-23.41063100189265],[-51.99394071580173,-23.410198354648657],[-51.99386041919891,-23.409856212398587],[-51.99536220198826,-23.408566996738713],[-51.993168008017214,-23.40639240248304],[-51.99283418146545,-23.406678003681183],[-51.986362644725794,-23.395891604902644],[-51.98689340329324,-23.395620346512814],[-51.98695029448766,-23.395613429137402],[-51.98686129512789,-23.395488083980748],[-51.986608635326434,-23.395052797606578],[-51.98648421300448,-23.394795355927208],[-51.98640082109614,-23.394660672047724],[-51.986346035800096,-23.394583251598366],[-51.98610427763809,-23.394443605544463],[-51.98594995087956,-23.394376296512732],[-51.98586151070702,-23.394299809805084],[-51.98546325936164,-23.39378677009496],[-51.98538519701038,-23.39343302419466],[-51.985343029822296,-23.393367988079028],[-51.98527580775993,-23.393302386394296],[-51.98496477137632,-23.393083241201715],[-51.98492785432205,-23.39304002950861],[-51.9848029476553,-23.3929316917645],[-51.99468696387831,-23.390903589680843],[-51.993480134123935,-23.38974375165489],[-51.98369538423686,-23.392312035552333],[-51.98342983927652,-23.39219683200131],[-51.982762731088364,-23.39182023360743],[-51.98239449387502,-23.391698808465815],[-51.982319404968074,-23.391640933039994],[-51.98220763979761,-23.391492696209166],[-51.982108851888164,-23.39147209142786],[-51.98206156417141,-23.39140238983324],[-51.98198626630325,-23.39123649182607],[-51.98194332942543,-23.391212736169265],[-51.98189132865803,-23.39122046907926],[-51.98178672466489,-23.391194029759866],[-51.98166713725859,-23.39120579984905],[-51.98162899101899,-23.391194749262407],[-51.981603966502185,-23.39107875287226],[-51.98154548920001,-23.39101761152197],[-51.980988395697565,-23.39055035577855],[-51.980633838126835,-23.390359112778754],[-51.98044434949633,-23.39028632839589],[-51.98014091523859,-23.390140827277953],[-51.98000639115054,-23.38999760874807],[-51.97980713788021,-23.389741262391375],[-51.97970634013921,-23.38954029779948],[-51.97955543812177,-23.389352020111527],[-51.97892502113733,-23.388878261185134],[-51.9787997956675,-23.388828284820857],[-51.97873155236101,-23.38882284116673],[-51.97858507295039,-23.38869017337745],[-51.978502918492836,-23.388588985275085],[-51.97839287095555,-23.388513805265156],[-51.97839079766649,-23.388391522786414],[-51.97836785453431,-23.388331964212057],[-51.97815829078313,-23.3881632019609],[-51.978018230445876,-23.388011705775533],[-51.97797617998698,-23.38796184067206],[-51.977922569074906,-23.387843403936998],[-51.97785709942484,-23.38777571140014],[-51.97782722880554,-23.387718815364547],[-51.97785838436901,-23.387630828551053],[-51.977832513532285,-23.38757228172272],[-51.97780965817039,-23.387551289550085],[-51.97768518895926,-23.387550803396127],[-51.97762140880261,-23.387486622704234],[-51.97757139200772,-23.387391195201857],[-51.977468528223106,-23.38726800823777],[-51.97717514353274,-23.387063819892873],[-51.97713978221071,-23.38705871103895],[-51.977059802399815,-23.38708043716781],[-51.976993531110345,-23.387023407125398],[-51.976798391469124,-23.38691298866321],[-51.97661544087097,-23.386836816695197],[-51.976526439402654,-23.386749219275668],[-51.97640078500782,-23.38650667921387],[-51.976316535057116,-23.386426367991675],[-51.976210852023414,-23.38627872074444],[-51.97613566098526,-23.38605934883167],[-51.97615957040748,-23.385903757119326],[-51.9761366344199,-23.38580490847666],[-51.97599587636967,-23.385637519064435],[-51.975929153762095,-23.38558563874009],[-51.975751750152,-23.38549163872749],[-51.975607035938694,-23.385358594708826],[-51.97526983401364,-23.3851426632225],[-51.975115785139785,-23.385017535772274],[-51.97499451678876,-23.384959402627146],[-51.974828969302266,-23.38496106699697],[-51.97479087167651,-23.384942969323856],[-51.97471826321351,-23.38484867515879],[-51.97463972450063,-23.384799759084576],[-51.97455635014741,-23.384638333077078],[-51.97441477564896,-23.38450617152571],[-51.97433394291802,-23.384451128653268],[-51.97408231646604,-23.384336000568986],[-51.97407945692807,-23.384292845816255],[-51.974013208358905,-23.384211787969516],[-51.97379504163321,-23.384109367802445],[-51.97374000358379,-23.38403591821397],[-51.97373604858345,-23.384003517576048],[-51.973763528361324,-23.38397462435891],[-51.97376560035309,-23.38391003188879],[-51.97374215917569,-23.383862127044782],[-51.97366998600315,-23.383827351223136],[-51.97357824304674,-23.38380579376285],[-51.97351334335879,-23.383748572955053],[-51.97327826896656,-23.383461189378213],[-51.97314822728413,-23.38332687833125],[-51.9730538657318,-23.383174460676173],[-51.97284291626645,-23.38298808679273],[-51.97265170612738,-23.382784697979215],[-51.97223690537639,-23.382284730667465],[-51.97215449389182,-23.382120406944253],[-51.97208920361474,-23.382063097601137],[-51.97211073741969,-23.38198366179801],[-51.9721071545111,-23.38188162119627],[-51.971871361873006,-23.38170940007895],[-51.971806285084774,-23.38164106919747],[-51.97157160667274,-23.38148762657116],[-51.97155002948684,-23.381332859858393],[-51.97142364280813,-23.38118949241641],[-51.97876519857985,-23.375425349817668],[-51.97729770412406,-23.37381239713315],[-51.97079077715919,-23.37892660644925],[-51.97053287521458,-23.378263195575503],[-51.97047214071631,-23.377998208750896],[-51.97034551614222,-23.377754223913506],[-51.97025167885212,-23.377403997563082],[-51.97010247611198,-23.376974903721198],[-51.9699742806086,-23.37672993471704],[-51.96967637773132,-23.376263014635825],[-51.96957092405979,-23.37601022694896],[-51.96948207005358,-23.37565861516747],[-51.96932851203135,-23.374858687389825],[-51.96923831831445,-23.374647450150334],[-51.96921127764111,-23.374659379332662],[-51.966962548368954,-23.370037632779926],[-51.958488270236145,-23.370181133515004],[-51.958959836031845,-23.37254057057947],[-51.949934122679636,-23.372742018265146],[-51.949897917659456,-23.3724100802928],[-51.95147085092486,-23.367628638683296],[-51.94064757754708,-23.364039534237744],[-51.93893712550395,-23.36995158777974],[-51.9386335603322,-23.369777489441635],[-51.926816513998695,-23.366607586399745],[-51.92665819907458,-23.36702776321616],[-51.92650624353718,-23.367930927693763],[-51.910406323474774,-23.377223064238063],[-51.908274928643706,-23.37443199303027],[-51.90484150401376,-23.37672312002802],[-51.90470807831594,-23.376619759140848],[-51.90465077529626,-23.376595704428745],[-51.90463305270223,-23.376536283570942],[-51.90466372773749,-23.376428170903893],[-51.904622758782345,-23.376389117609342],[-51.904427033152125,-23.37636902368346],[-51.90438469366726,-23.376329707281414],[-51.90432465289914,-23.376219658770435],[-51.89712226544456,-23.38024128628511],[-51.897792989678855,-23.380851886715288],[-51.89191572491752,-23.384307602130644],[-51.89181410692628,-23.384105678595645],[-51.89165646218441,-23.383723971328543],[-51.891520339709096,-23.383341598328144],[-51.891408473753124,-23.383133139348416],[-51.89134813144075,-23.382976773686938],[-51.89118440113232,-23.382811423013834],[-51.89091873610035,-23.38241533593719],[-51.890695212996356,-23.3821315520626],[-51.890652446884296,-23.382042737578434],[-51.8905516957562,-23.381886511358058],[-51.89050401568678,-23.381838369965063],[-51.89039960625984,-23.381665286789048],[-51.8770582820329,-23.39141862205753],[-51.873054076802944,-23.394380579348443],[-51.86961680842519,-23.396873155640048],[-51.869373492489224,-23.397032393259813],[-51.871025469865046,-23.398045641668944],[-51.87250087969136,-23.398730079561407],[-51.87421172881959,-23.399740796583895],[-51.86890372634862,-23.40459648802988],[-51.866678542501724,-23.404709706070225],[-51.85803529034751,-23.41320060392807],[-51.859124083575956,-23.4136416573723],[-51.85927510064708,-23.413626646162413],[-51.859492960756,-23.41374748278559],[-51.859594943436285,-23.413853412179613],[-51.85975607945462,-23.41396696437525],[-51.85985258731329,-23.41407391726836],[-51.859875751287184,-23.414114444028137],[-51.859888305905145,-23.414254917068455],[-51.85992035958291,-23.414292857723925],[-51.860122526669315,-23.414440054673992],[-51.860316370462805,-23.414509347789814],[-51.860441688992154,-23.4145914934675],[-51.86059421233709,-23.41461251142159],[-51.86078573814507,-23.414686514393907],[-51.86100115517888,-23.41480745260662],[-51.861110667176824,-23.414913520096473],[-51.86115476496075,-23.41493730285226],[-51.86125334009748,-23.414939830406592],[-51.861349500848455,-23.415068461672597],[-51.86147022177169,-23.415150802550762],[-51.86156336537074,-23.415191304413092],[-51.86176673399885,-23.415174466544936],[-51.86181372691837,-23.415191729906027],[-51.86183249687151,-23.415233717624854],[-51.8619406960524,-23.415332023092606],[-51.86213864633903,-23.41540184309864],[-51.862362518279575,-23.415528252321685],[-51.86254961842652,-23.41554426325676],[-51.862821891517484,-23.415533682253194],[-51.86303338231658,-23.41556035144745],[-51.86392409911206,-23.415583274573606],[-51.86413262314575,-23.41560369028838],[-51.86451257556178,-23.415552199676608],[-51.86481400093942,-23.415480946749756],[-51.865039769110744,-23.41538228380992],[-51.86540166194582,-23.4153246226693],[-51.865657712624966,-23.41523970980769],[-51.865959499944864,-23.41522412754579],[-51.866215731217395,-23.415167041173206],[-51.8671597560016,-23.41509074707335],[-51.867380545398696,-23.41517306972971],[-51.8676212116646,-23.415172636518022],[-51.868081000723166,-23.415049862905523],[-51.86855762257937,-23.414972155653473],[-51.868744243453826,-23.414953776035336],[-51.869046184681196,-23.4149544450366],[-51.86926451490765,-23.414920894855474],[-51.869476163585716,-23.414913304130437],[-51.869900802543974,-23.414938669172003],[-51.8700123352933,-23.41497715773301],[-51.870326050817695,-23.415146932788765],[-51.87043776166434,-23.415182529724568],[-51.87091285826499,-23.41523082462705],[-51.8712735158324,-23.415215354612666],[-51.87156268758991,-23.41526883920065],[-51.87162004602376,-23.415269603052042],[-51.87172844980244,-23.415233591756742],[-51.87178817858958,-23.41523777457502],[-51.872192029208875,-23.41533144284514],[-51.872908192117336,-23.415410268488436],[-51.87321469484897,-23.41540494263225],[-51.87362796757362,-23.415323690173555],[-51.87371015670507,-23.415290082175474],[-51.87388937482969,-23.41526243460392],[-51.87406093786572,-23.415216403875814],[-51.87447527213151,-23.415207491553037],[-51.87466055258904,-23.415223525237653],[-51.875226955656416,-23.41521077878533],[-51.875321441538595,-23.415290907341173],[-51.87555373604355,-23.415416508616158],[-51.875870041031725,-23.415547148200613],[-51.87599782098677,-23.41558536069007],[-51.876183694981414,-23.415587389244656],[-51.87638454118699,-23.415797075161702],[-51.87643676868135,-23.41583607331057],[-51.87655516906455,-23.41587668633773],[-51.87660760962424,-23.415918300775225],[-51.876636323392525,-23.416027882285622],[-51.87667564508426,-23.416083751838848],[-51.87672895469315,-23.416123555809442],[-51.87686395778921,-23.416143843191453],[-51.876992723826405,-23.416183042854417],[-51.87715027134177,-23.416267783940025],[-51.87727271593699,-23.41626854151773],[-51.87748772887264,-23.416399836852374],[-51.877737269081,-23.416483067009906],[-51.87788083875047,-23.41661744215649],[-51.87791755251653,-23.41676996918049],[-51.87690229462046,-23.418210273144613],[-51.88381531898674,-23.422452365909752],[-51.88167471458988,-23.42543859186494],[-51.88474457501738,-23.42730270497928],[-51.88482843764628,-23.427523171346763],[-51.88390417960835,-23.428176805048366],[-51.88522607036978,-23.43182797588395],[-51.88505098871242,-23.43187999409788],[-51.88632197608741,-23.436312516868416],[-51.88570290460904,-23.436543068395245],[-51.884975150356254,-23.436822127833732],[-51.88839363025201,-23.43949633456755],[-51.88825445972526,-23.43991197983177],[-51.88835613708813,-23.440009852126604],[-51.888344435410765,-23.440046047502978],[-51.88838124589899,-23.440090366726153],[-51.88840951101958,-23.440101225133752],[-51.88847868524849,-23.440066780034666],[-51.88854294022459,-23.440057924019076],[-51.88868367547913,-23.44014103191866],[-51.88887506853839,-23.440348405173197],[-51.888916338792086,-23.44043027279093],[-51.888938952507615,-23.440518208797275],[-51.8889417102194,-23.44060851502632],[-51.888969209886454,-23.440695156885685],[-51.889035252496605,-23.44076324566867],[-51.88920352492608,-23.440923782754382],[-51.88926497904737,-23.44094980665219],[-51.88929588986777,-23.44099027540961],[-51.88936262569911,-23.441001004770506],[-51.88947163893384,-23.441068486320418],[-51.889547925486966,-23.441072838640785],[-51.88957631123018,-23.44110167020234],[-51.88964618858197,-23.441230703245026],[-51.88966870503804,-23.44131863877261],[-51.88977690503141,-23.441469130567388],[-51.88996302364157,-23.44167770661565],[-51.889996316188004,-23.44176693546875],[-51.89008157729437,-23.441898048292607],[-51.89024518986688,-23.442063849408594],[-51.890390391704024,-23.442184866290592],[-51.8904525311301,-23.442254600678492],[-51.89049673017981,-23.442335186604506],[-51.890701581824985,-23.442475553014354],[-51.890761578298374,-23.44254683587359],[-51.89100042243432,-23.443041159032962],[-51.89095858213038,-23.443122777888192],[-51.89099653602834,-23.443206108955362],[-51.891058577398695,-23.443275844536245],[-51.891428730505595,-23.4435704390594],[-51.89153624634403,-23.44372066153566],[-51.891654496671705,-23.443967920398542],[-51.89171654093942,-23.44403783632089],[-51.89178792874567,-23.444099660183696],[-51.891885390390165,-23.444108225768055],[-51.89196416276629,-23.444161788059127],[-51.892035872320925,-23.444329828448296],[-51.89215392000285,-23.44447393959624],[-51.892233081232455,-23.444527047908995],[-51.89232255338012,-23.444686947954132],[-51.89260442254748,-23.44505601688047],[-51.892789680617916,-23.44526622084613],[-51.89306259254971,-23.445365368208897],[-51.89312862988223,-23.445432009087877],[-51.89316219106774,-23.445516900163284],[-51.89325871764887,-23.445531973381566],[-51.89325560506409,-23.44562231300181],[-51.89337959939339,-23.445762053654416],[-51.89353913060639,-23.445989383522345],[-51.89376855888703,-23.446158417555445],[-51.89382777982082,-23.44623033581463],[-51.893824683092326,-23.446410274550434],[-51.89409632043258,-23.446785179703372],[-51.894264835845895,-23.447110637030868],[-51.89441637045063,-23.447342076188676],[-51.894675285145084,-23.44783329721995],[-51.8946862091464,-23.44788544146815],[-51.894668490763884,-23.44794371026081],[-51.894815125852936,-23.448493922502372],[-51.89490922942317,-23.44845400258704],[-51.89494168744951,-23.448476577523728],[-51.8949477074516,-23.448570929220473],[-51.894989412901154,-23.44867284392179],[-51.895049902871996,-23.448758483275977],[-51.895076506248266,-23.448914496967756],[-51.89498075546453,-23.449058838363893],[-51.89497440801211,-23.44913384180956],[-51.89504901720866,-23.449193659384218],[-51.89508647498499,-23.449260823638593],[-51.895165274251355,-23.449317726823697],[-51.8951464862789,-23.449449703423696],[-51.89522735589758,-23.449566839287918],[-51.89531542535761,-23.449749958071813],[-51.895298147801874,-23.44980099865462],[-51.89524991187222,-23.449834152508885],[-51.895245478565265,-23.44997526047404],[-51.89524593269305,-23.450042637872652],[-51.89530981179117,-23.45016619276925],[-51.89520771635995,-23.450371357218046],[-51.89537654304258,-23.4505966444534],[-51.89542545440766,-23.450721730318772],[-51.89544089135612,-23.450847822063928],[-51.895508346580456,-23.450935408291414],[-51.89578213722134,-23.45114844110631],[-51.89584072853666,-23.4511700529028],[-51.89597421868957,-23.45110551932787],[-51.896095151354444,-23.45109497980961],[-51.89620563825365,-23.451175996068713],[-51.896397125680934,-23.451378842496002],[-51.89647180253916,-23.451491767184205],[-51.89647964894245,-23.45153742487538],[-51.89658079668748,-23.45164161685656],[-51.89669754963949,-23.451722596737483],[-51.8968065979279,-23.451851400975514],[-51.896823925026176,-23.451981725881563],[-51.89682045123628,-23.452250181853255],[-51.89677434833522,-23.45236732307369],[-51.89677588348617,-23.452449687611857],[-51.89688854303374,-23.452547761642368],[-51.896994134064,-23.452584910003928],[-51.89702865129608,-23.452781703105895],[-51.89720915539852,-23.452836213072004],[-51.897358416513576,-23.45283083861672],[-51.89747311918365,-23.45285447541054],[-51.89751699139852,-23.45300126669589],[-51.897653394931126,-23.453135874144166],[-51.897913676193305,-23.453463689162252],[-51.897989355531244,-23.453579859745787],[-51.898092314770814,-23.45367645320865],[-51.89832302511572,-23.453844026476002],[-51.89852583063458,-23.454039850114135],[-51.89853242285611,-23.454059321619276],[-51.89850496439052,-23.45408142790509],[-51.89852754756551,-23.4541055040438],[-51.89859244327816,-23.45408932401121],[-51.89865317982625,-23.45413819947242],[-51.89867638426544,-23.454254219414786],[-51.89875358523791,-23.454363605799266],[-51.89911565924161,-23.454715941620034],[-51.899212237803305,-23.454838674904092],[-51.899321266238765,-23.454877064501986],[-51.89951259962193,-23.455055520816565],[-51.89963777536789,-23.455194075856856],[-51.89974579905564,-23.45534419964372],[-51.90000689369708,-23.455617271274306],[-51.900762523411615,-23.456327624880686],[-51.900984907238126,-23.45650788704774],[-51.9011024513831,-23.456646575210318],[-51.90119608858862,-23.456696072468894],[-51.9015115548208,-23.456771655381125],[-51.90174668360646,-23.45688202421336],[-51.90197550009273,-23.457057550996886],[-51.902061944014136,-23.45710013454936],[-51.902210365776305,-23.45721552006681],[-51.90230036125232,-23.45726205708919],[-51.902582782113,-23.45735851253113],[-51.90287993767131,-23.457361218769385],[-51.90315693885753,-23.457423654217767],[-51.90332742244749,-23.457500614593794],[-51.903476857476306,-23.457606418915493],[-51.90359993098733,-23.457737214190818],[-51.903644115461155,-23.457813550882197],[-51.90367998404462,-23.45789074862469],[-51.90368673140885,-23.4579758827019],[-51.903722591303,-23.458066177097102],[-51.90381143982903,-23.458145416236206],[-51.90388717519565,-23.458311800305843],[-51.90404378511619,-23.458450258840948],[-51.90412455960617,-23.458594576038077],[-51.904158157715656,-23.45869770997538],[-51.904146728659704,-23.458859631389817],[-51.90419478599208,-23.45895825575601],[-51.904356418771826,-23.459115291046118],[-51.904507416902085,-23.459177098679866],[-51.904571505832095,-23.459243293973888],[-51.90468188718951,-23.459278330837442],[-51.90471462101961,-23.459312011541403],[-51.90476150941533,-23.459411273839052],[-51.90472379424453,-23.459508346082615],[-51.90473606787595,-23.45960019323306],[-51.904789256848375,-23.45967593539628],[-51.904843679050984,-23.45972001091172],[-51.90487071833068,-23.459762803720746],[-51.90486540636283,-23.459802214684984],[-51.904897868830474,-23.45983914849],[-51.90491117859631,-23.460010591703636],[-51.90494624647492,-23.46011389664192],[-51.90493909780908,-23.460142390270743],[-51.904968978595285,-23.460202731383717],[-51.904936736719186,-23.46025548550911],[-51.904923862562825,-23.460320321570975],[-51.90497352872034,-23.460396264733998],[-51.90505411089201,-23.46045459556504],[-51.90505716801196,-23.4608024968952],[-51.905168449889565,-23.460969397433345],[-51.9051478155158,-23.461159553454962],[-51.9051629177521,-23.461234974531177],[-51.90527858662349,-23.461384688441562],[-51.90524403177478,-23.461586576716716],[-51.90525984651982,-23.46165160758188],[-51.90538756736665,-23.461759431727412],[-51.90541141399089,-23.46185367918768],[-51.90538757800865,-23.46194775271855],[-51.90540224707252,-23.462045756625933],[-51.90537312958833,-23.462140492157015],[-51.90541592446571,-23.462228036162514],[-51.90547418421093,-23.462271865139265],[-51.905480490249644,-23.462335143839017],[-51.90544360577801,-23.462425137433918],[-51.90543922574106,-23.462529393763116],[-51.90533635112081,-23.462748478391234],[-51.9053057138138,-23.46285008715478],[-51.905327759190236,-23.46303909221787],[-51.905235634175725,-23.463183508907402],[-51.90520922498907,-23.4632590814514],[-51.905207148199224,-23.463327827187577],[-51.90526424721408,-23.46343109444352],[-51.90530890411088,-23.46360497580701],[-51.90540302985251,-23.46381126543673],[-51.905520568168974,-23.463933239537653],[-51.90556639133004,-23.464005320926606],[-51.90560288838669,-23.46431771133327],[-51.90566762393643,-23.464559147458615],[-51.90569278042195,-23.464807363489815],[-51.90562216461045,-23.46491868909217],[-51.90557254469623,-23.46503639499381],[-51.90556750319586,-23.46521589283748],[-51.90538136074335,-23.465787443312426],[-51.90535292370485,-23.465924625910088],[-51.90525224829756,-23.46620827747133],[-51.90522239457017,-23.46635296494013],[-51.90522083970604,-23.46645530897609],[-51.905061436653206,-23.46672710789104],[-51.90504236658798,-23.466787823291934],[-51.90503739723458,-23.466920715759993],[-51.904938957747945,-23.467029762949355],[-51.90491789996787,-23.467172321927347],[-51.90475381284203,-23.467418044846198],[-51.90462509164877,-23.467681175123566],[-51.904551382366854,-23.46776993696245],[-51.90452201877623,-23.467828816160505],[-51.904524697823554,-23.46790584474335],[-51.9044543977594,-23.468035141056077],[-51.90442103552562,-23.46822564164807],[-51.904339895033786,-23.468402148528796],[-51.90429632750585,-23.468460207743053],[-51.90430711466786,-23.46853438844428],[-51.904241082746495,-23.46862915805868],[-51.904211843957114,-23.468720913450717],[-51.90416584364121,-23.468795424319907],[-51.904173434827,-23.46888913387467],[-51.90422031502079,-23.46898685982269],[-51.904213650614,-23.469115246011587],[-51.90418473724404,-23.469197154481844],[-51.90410817316129,-23.4693269385695],[-51.904072369555436,-23.469504266313894],[-51.90418960369301,-23.469954471672175],[-51.90409085992364,-23.470048165494546],[-51.90398259324302,-23.470051772855307],[-51.903929019554866,-23.470078095960748],[-51.90390295246031,-23.470118079677977],[-51.903888060040465,-23.470188525427087],[-51.90388194424716,-23.470368752863937],[-51.90392280078119,-23.470545184583447],[-51.903960477437266,-23.47062851341827],[-51.904081641395784,-23.470778918584767],[-51.904189591559465,-23.471030379517426],[-51.90420782024762,-23.471119059685286],[-51.90410883054147,-23.47130596656597],[-51.904059877123615,-23.47146467400507],[-51.90402854464987,-23.47149339720024],[-51.90400856709086,-23.471550415457592],[-51.90401671943256,-23.471812841971577],[-51.90411326035784,-23.472157400915926],[-51.90408849642279,-23.472316690666492],[-51.90409941793927,-23.472496908692012],[-51.90417096405159,-23.472665033408916],[-51.904188801964565,-23.47275380614286],[-51.90416442992066,-23.47284128817918],[-51.904069942971255,-23.472999446741433],[-51.904042726469626,-23.473086222681182],[-51.90407507717233,-23.473221246110306],[-51.904159195882094,-23.473337634122174],[-51.90411315120027,-23.473506440674022],[-51.904132098243814,-23.473599904582947],[-51.90412648371817,-23.473695587399448],[-51.90407573929863,-23.473821337927912],[-51.90407689063223,-23.473875343390567],[-51.90415474976123,-23.474136372078057],[-51.904222877376405,-23.47430560039174],[-51.904321116778384,-23.474654754673292],[-51.90469820654311,-23.475389318648425],[-51.9047947455989,-23.475546278738182],[-51.904799081600956,-23.47560776236002],[-51.90472257864761,-23.47570385653503],[-51.90472080827857,-23.475745775877222],[-51.904737025544,-23.47578343606104],[-51.9047829860749,-23.475774588828468],[-51.90481845260762,-23.475734551325555],[-51.904847990286676,-23.475744044278365],[-51.90486302708865,-23.475780898407756],[-51.90485633778547,-23.475848136252583],[-51.904911228562284,-23.475985738243704],[-51.904937548360806,-23.476255555729608],[-51.904961841626815,-23.476343117568035],[-51.90502919003589,-23.476512620914903],[-51.905165657936834,-23.47675235416141],[-51.90518871423277,-23.476830798882073],[-51.90535513073818,-23.47705401080946],[-51.90542235858192,-23.477119645222402],[-51.90592560468823,-23.47739879407632],[-51.906230696180074,-23.47762508292916],[-51.90630996905196,-23.477733909880914],[-51.90636787768699,-23.47775380517819],[-51.906387643224214,-23.47778042624865],[-51.906381539643704,-23.477847298531827],[-51.906416192122805,-23.477931728042734],[-51.90652643205614,-23.478086981471204],[-51.90672772682784,-23.478283795835036],[-51.90698448318911,-23.47841471316726],[-51.90716218547021,-23.478440414297545],[-51.907258975916946,-23.47841862556473],[-51.90729913640106,-23.4783920180527],[-51.90735734737674,-23.47824147511516],[-51.907392594462785,-23.478226637932575],[-51.907645374128435,-23.478205476424314],[-51.907698588527374,-23.478169218765135],[-51.90774698082532,-23.47815791781449],[-51.907960516365044,-23.478154325968347],[-51.908154088382105,-23.478180927078473],[-51.90821149619881,-23.47817065732036],[-51.908341979937305,-23.47803604112188],[-51.90849032594233,-23.4776641373059],[-51.90859074910448,-23.47731509204382],[-51.90862479916856,-23.47713985204403],[-51.90866741581907,-23.4770859528787],[-51.908653153243925,-23.477033649717292],[-51.908671847601745,-23.476971029466423],[-51.90887289620145,-23.476921635067058],[-51.909053401846506,-23.476985162319135],[-51.909135751100536,-23.47704239736572],[-51.90923847474059,-23.47715786102338],[-51.909342987278215,-23.47739127362374],[-51.90932161664107,-23.47743068798201],[-51.909325512933776,-23.477499128703833],[-51.90935468724583,-23.477555499588874],[-51.90946359832784,-23.47761646241839],[-51.909509034599076,-23.477659642739155],[-51.90958396157613,-23.477862428222487],[-51.90962428091533,-23.477930475775416],[-51.909725824485655,-23.47797350838765],[-51.90985205907166,-23.477947572112193],[-51.910241774172036,-23.47790483331607],[-51.910495690564645,-23.47784988046511],[-51.91059720764891,-23.477803585046995],[-51.91085953208415,-23.47754716635282],[-51.91093614036714,-23.47752395781974],[-51.91098177112425,-23.477481330576076],[-51.91102298409503,-23.47730857636853],[-51.91105860824135,-23.47730611016492],[-51.9111911266645,-23.47724003351732],[-51.91125410160028,-23.477227653632756],[-51.911405400395324,-23.47713021592055],[-51.91158612310788,-23.477054282193816],[-51.91179160808724,-23.476990759888288],[-51.91188953469015,-23.47699208298355],[-51.91226140226602,-23.477102629141026],[-51.91234524685784,-23.47714928613284],[-51.912466563112034,-23.47729110196785],[-51.912638798758564,-23.47737626015709],[-51.9127041810831,-23.47744352791473],[-51.9129531931051,-23.477586674006808],[-51.913015695377304,-23.47763408784767],[-51.91298536566695,-23.477708690058034],[-51.91299812368178,-23.477798213879556],[-51.913016439170256,-23.477813280562874],[-51.9131814718535,-23.47786172051979],[-51.913324303716614,-23.477985255065516],[-51.91358135623588,-23.47811570804374],[-51.91381484279787,-23.47827935713976],[-51.91390478420618,-23.47831522930671],[-51.913981837719994,-23.47837086697452],[-51.91416877168188,-23.478357758217644],[-51.91439481696656,-23.478521178179243],[-51.91449355383582,-23.478554650060175],[-51.91474876811004,-23.478688002103645],[-51.91484265441367,-23.478713824928665],[-51.91523368528913,-23.47873401969115],[-51.91539642037187,-23.478633711060017],[-51.91556954560459,-23.478549328069633],[-51.915957906155505,-23.478594104031448],[-51.91605363671983,-23.47857502572917],[-51.91614208474569,-23.47853648082071],[-51.916234914708426,-23.4785652896053],[-51.916430488248444,-23.47856964963861],[-51.91652164162953,-23.47854003039667],[-51.91655477837174,-23.478503345882874],[-51.916649430426126,-23.478526453481365],[-51.91672871910145,-23.478579457304807],[-51.91681952733689,-23.478613245282084],[-51.916915514997996,-23.478631377204326],[-51.91714657104261,-23.47879684188629],[-51.91724150929318,-23.47881895390143],[-51.91735155096895,-23.478802047722038],[-51.91743663878817,-23.478900630063094],[-51.917474600436535,-23.47892434082014],[-51.91754738615834,-23.478928971322027],[-51.91761345547505,-23.478967690538273],[-51.917654121389155,-23.47897196721847],[-51.91778243094785,-23.478920542702568],[-51.918041117712406,-23.478890115920503],[-51.91832966320904,-23.47881634119422],[-51.91858356833187,-23.478646937672757],[-51.91859726239801,-23.478616418806496],[-51.91873868178249,-23.47849293043664],[-51.9187952376165,-23.47847272650899],[-51.918849192205,-23.478458950683525],[-51.918976674676756,-23.478457746746113],[-51.91913594281031,-23.47852202047168],[-51.919225992302735,-23.478530882009967],[-51.91927703938557,-23.478478918306404],[-51.91929677239663,-23.478373307031656],[-51.91937852593027,-23.47830147044127],[-51.91970987306851,-23.4782578789562],[-51.919922161207516,-23.47817334958295],[-51.92020492716903,-23.47817005500554],[-51.92062607410092,-23.47812782824949],[-51.92075621859773,-23.478129587736653],[-51.92098530012185,-23.47817908618626],[-51.92115560600157,-23.47808414529149],[-51.9212905314772,-23.477970537124516],[-51.921565005952175,-23.477915626407494],[-51.92186206813203,-23.477757613959614],[-51.92210915292902,-23.477664476951205],[-51.922460618756304,-23.477571354221727],[-51.922829477469016,-23.477515430305058],[-51.92292319843163,-23.477517404498833],[-51.92326817251556,-23.477265624526215],[-51.923510300393545,-23.477149935365638],[-51.923626025160296,-23.477119714870557],[-51.92383768912383,-23.47708693875265],[-51.923949477360054,-23.477110121915064],[-51.924050645689,-23.477169314764254],[-51.9242212162853,-23.477351654238543],[-51.92430153471803,-23.47741160276314],[-51.924371504774776,-23.477419768399496],[-51.924696929444195,-23.477341877769646],[-51.92492260665116,-23.477198193312326],[-51.92505264683648,-23.477142868849267],[-51.92516686164458,-23.477149056404404],[-51.92526823681685,-23.47704115265584],[-51.92543086993156,-23.47694182790749],[-51.925496525128224,-23.476906845267834],[-51.92562503855074,-23.476871490319752],[-51.92581581780781,-23.476764500533232],[-51.92597787903543,-23.47669543612436],[-51.92612530963599,-23.47657858839035],[-51.92618721739974,-23.476554014630395],[-51.92632821742488,-23.476567989556735],[-51.926675103926925,-23.476395041009884],[-51.926879857989576,-23.476270355222194],[-51.9269131077969,-23.47627837674645],[-51.926943077079514,-23.476307372211537],[-51.926948311611795,-23.476355843401002],[-51.92698504797387,-23.47638624375713],[-51.92712760228607,-23.47637058347488],[-51.927230461968726,-23.476405196908335],[-51.92729962535604,-23.476382205337234],[-51.92734957807751,-23.476328347945405],[-51.927365271210775,-23.476261959081302],[-51.927373642199754,-23.47614277605916],[-51.927343693661975,-23.476032853051507],[-51.92738866942308,-23.475995283008736],[-51.92743263562007,-23.475967654254998],[-51.92748184035818,-23.475988767597105],[-51.92751983166576,-23.47597472249376],[-51.92758361263192,-23.47586803537524],[-51.927781434710056,-23.47574646058893],[-51.92783292200654,-23.475730077077966],[-51.92787731792577,-23.475735774045628],[-51.92792198422661,-23.47576612698805],[-51.927933186077446,-23.475855748938397],[-51.92795599146429,-23.47589643823607],[-51.92802862471328,-23.47589347692957],[-51.92833808656403,-23.475606220676944],[-51.9283787922057,-23.47554618588839],[-51.92845662801671,-23.475517271321632],[-51.928541259753324,-23.47552173496118],[-51.9285679216875,-23.475553820718126],[-51.92883780364011,-23.475599360619515],[-51.929022465462054,-23.475598350709422],[-51.929130010985354,-23.475644947646416],[-51.929241501528196,-23.47566776661212],[-51.929474789214545,-23.47564713768135],[-51.92951675444288,-23.475655287334398],[-51.92959256680455,-23.475700808640187],[-51.92969735069894,-23.475716712559276],[-51.92975452442413,-23.475715378090953],[-51.92977263966176,-23.475687541565136],[-51.929973643387676,-23.47554526160768],[-51.93003191622557,-23.475547081712726],[-51.930067826171275,-23.475599343903717],[-51.93005296283349,-23.475658050787935],[-51.92996360797981,-23.475720001956628],[-51.929981995468836,-23.475772910606796],[-51.930065070978856,-23.475838192097157],[-51.930289161459335,-23.475703337480574],[-51.93043394352658,-23.475642500497113],[-51.9306049283667,-23.475492270011944],[-51.93063493021314,-23.475372144880684],[-51.93059884433089,-23.47528086527668],[-51.93060822715498,-23.475236552068353],[-51.93064802347844,-23.475172818987474],[-51.930731647437774,-23.475103585664066],[-51.93082230128939,-23.475059419517464],[-51.93091439966212,-23.474983903369054],[-51.930944280069035,-23.474888526811668],[-51.93093615146842,-23.47477666784463],[-51.93087658172556,-23.474729514757204],[-51.93097454029028,-23.474693795073264],[-51.93106206721982,-23.474608732131582],[-51.931136996446476,-23.47452844015683],[-51.93119042432068,-23.474398059990836],[-51.93137184605218,-23.47422852713314],[-51.931468619161365,-23.474065732832603],[-51.93151022026386,-23.47379894754564],[-51.93153960110439,-23.473744218234444],[-51.93162507220247,-23.4736593479162],[-51.931738558682454,-23.47359011628808],[-51.93180458255177,-23.473468691830394],[-51.931846766585664,-23.473354725810093],[-51.931868930381704,-23.47316455833207],[-51.93180174941041,-23.47296769913128],[-51.93175849431523,-23.472692117794622],[-51.93177692310797,-23.472569622035188],[-51.9318428678683,-23.47225590497158],[-51.931902688101786,-23.47217154908867],[-51.932066132837704,-23.47181299198499],[-51.93215348990006,-23.471690175372096],[-51.932258379944486,-23.47158224714903],[-51.93245276732986,-23.471433229645232],[-51.93265691765603,-23.47123845117196],[-51.93298719032431,-23.47098944794252],[-51.93316809178185,-23.470914120840686],[-51.93324258432143,-23.470855599643226],[-51.933378105931205,-23.470648315099254],[-51.933705812336235,-23.47038315743167],[-51.93379258589189,-23.47024733723696],[-51.93397201770662,-23.470032834546714],[-51.93398749531003,-23.469992726106895],[-51.93409887857829,-23.47005053806414],[-51.94124384977523,-23.471422648935828],[-51.9416110908152,-23.471470713260324],[-51.94232145997813,-23.473016406571265],[-51.94795349735823,-23.472847457990497],[-51.94805313698361,-23.472940998712197],[-51.94823523093278,-23.47321139496575],[-51.948290018430136,-23.473246286776654],[-51.94837766924842,-23.473344654658334],[-51.948483323539335,-23.473413829760112],[-51.9485911051643,-23.473534022941546],[-51.94868098958155,-23.47369822161336],[-51.948777548090945,-23.47375507793224],[-51.948877339747305,-23.473784817454415],[-51.949054685832685,-23.474198671415316],[-51.949111073726506,-23.474279255352407],[-51.94909925374452,-23.474369629746857],[-51.95381134391886,-23.476512441366264],[-51.95742439500228,-23.46974524765568],[-51.964249707673645,-23.472858685836716],[-51.96428895030173,-23.47271950531699],[-51.964292355736546,-23.472595293911148],[-51.96427569042301,-23.472484754664382],[-51.96430095697256,-23.472377659228503],[-51.964473567670304,-23.472228105154514],[-51.96475405733776,-23.471927589666915],[-51.96486516572413,-23.471884090383615],[-51.9651050480693,-23.47182958785526],[-51.96537200904407,-23.47160782487019],[-51.965520315129844,-23.471294037307906],[-51.96559551215093,-23.47119990958129],[-51.96572766900607,-23.471102358176328],[-51.96579958490185,-23.471014844054274],[-51.965897418845024,-23.47081580450035],[-51.96593834466871,-23.47077526816131],[-51.966111155062244,-23.470734366361445],[-51.96628658307568,-23.47077058163391],[-51.966698326298214,-23.47070652154093],[-51.96705580046844,-23.47069283434215],[-51.96717260228089,-23.47066501386501],[-51.96732074104195,-23.470597619294743],[-51.96762600577027,-23.47037949873567],[-51.96765390421054,-23.470311495133704],[-51.96766837484508,-23.470201304992443],[-51.96771629611008,-23.47016686656749],[-51.96807709585167,-23.470072410161286],[-51.968169696236544,-23.47000192741868],[-51.96826542778024,-23.469864226944868],[-51.9683452948239,-23.469779823534292],[-51.96843628168773,-23.46963600974666],[-51.96870448033052,-23.46941080140763],[-51.9688069928756,-23.469357146606082],[-51.968900172901705,-23.46928584786738],[-51.96893076704242,-23.46923850972615],[-51.9689301584115,-23.469181973059356],[-51.96888272124123,-23.46908147044701],[-51.968873516021425,-23.469027606475233],[-51.968911488026414,-23.468985010373075],[-51.96913353494427,-23.468862420870643],[-51.9697442959043,-23.46863408801273],[-51.96981031498084,-23.4685440798243],[-51.9699144591861,-23.46845916338398],[-51.970037961963875,-23.468450988946135],[-51.97012901948419,-23.468357392711702],[-51.97015899431794,-23.46822542907627],[-51.970160222555435,-23.468098792522692],[-51.9701383392089,-23.467971486861924],[-51.970041772624086,-23.467766789748545],[-51.970084809678816,-23.467734097089938],[-51.970144647900625,-23.46770942872067],[-51.970264057400684,-23.467730723970288],[-51.97043375484911,-23.46782721388806],[-51.97058808721968,-23.467937979512506],[-51.97102633390018,-23.468058809354314],[-51.971121562404484,-23.468147181749156],[-51.971184598436935,-23.468171627244224],[-51.97153173370405,-23.468217876631726],[-51.97174459093643,-23.46823127259722],[-51.972003569943226,-23.4681654409846],[-51.97233703621264,-23.468150085103254],[-51.972407931511604,-23.468124534049732],[-51.972589661853476,-23.468018990672544],[-51.972735484554306,-23.46798357886527],[-51.972991748891026,-23.4680418624466],[-51.9732404556652,-23.468043923319225],[-51.97336389772569,-23.46798751568755],[-51.97366174369073,-23.46792143875684],[-51.973888398717726,-23.46782726470202],[-51.97400969293778,-23.467811785001306],[-51.97437269530863,-23.467712152285667],[-51.97467038791989,-23.467612023729732],[-51.97512120217994,-23.467497479561548],[-51.975716309179965,-23.46737959275793],[-51.97591208032086,-23.467293286250367],[-51.976133891305906,-23.467233099664288],[-51.976482805894584,-23.46708206784012],[-51.97704554249659,-23.46681011201958],[-51.977201997789244,-23.466716643992253],[-51.97737514031559,-23.466642309410958],[-51.977502448449904,-23.466619383094912],[-51.977627306061436,-23.466622664859084],[-51.97774935667796,-23.466590468333056],[-51.977808196159685,-23.4665632743707],[-51.977920524851996,-23.46642085786132],[-51.97801951608563,-23.46634192960559],[-51.97840514572288,-23.466151735388753],[-51.97857070170455,-23.4659781853573],[-51.978806442073335,-23.465793548667488]],[[-51.97881912815722,-23.465783612420196],[-51.978806442073335,-23.465793548667488],[-51.978805333540116,-23.465793253955685],[-51.97881912815722,-23.465783612420196]]]},"properties":{"slug":"maringa","name":"Maringá","developed_extent_km2_2024":91.67,"gva_csi_usd_million_2023":3623.476,"lud_2023_2024":39.527,"developed_land_value_usd_million_2024":18859.39,"lvy_2023_2024":0.1921}},{"type":"Feature","geometry":{"type":"MultiPolygon","coordinates":[[[[-51.14661716134193,-23.234743855130905],[-51.146392844842254,-23.23484776489241],[-51.14629949172873,-23.23493420790861],[-51.14612522967866,-23.235135991018034],[-51.14591352411157,-23.23533202567271],[-51.14567061737748,-23.235510836536392],[-51.14552104539178,-23.235585861786845],[-51.14507241807513,-23.23571301175711],[-51.144960349961245,-23.23575918427102],[-51.14462396211646,-23.23590926394371],[-51.144399673020054,-23.23604189537058],[-51.14390128885774,-23.23626122681752],[-51.143776714170414,-23.23631319115965],[-51.14340282401814,-23.2364056700801],[-51.14327820599136,-23.236417347090025],[-51.14305373667269,-23.23638295368686],[-51.14294147141406,-23.236336987641916],[-51.142654607481866,-23.236181697332853],[-51.14245511972612,-23.236106993413074],[-51.1423428793312,-23.236084060563385],[-51.14199380424312,-23.236072903338187],[-51.14174447712887,-23.23600971655051],[-51.1416447123891,-23.235952265284705],[-51.14138892341271,-23.23569324397978],[-51.14130156097804,-23.235624217987624],[-51.14108952668773,-23.23551501693693],[-51.14098353685727,-23.23548629627852],[-51.1408713093636,-23.235474924804585],[-51.140703592481685,-23.235493953450423],[-51.14061603078971,-23.235514176667944],[-51.140136004840905,-23.23562526163358],[-51.13977470892849,-23.235798388616068],[-51.1394509826142,-23.236098215745553],[-51.139282879807794,-23.236311457027817],[-51.139164503246825,-23.23640370011292],[-51.13894024606488,-23.23647878251932],[-51.13882802977382,-23.236478882594554],[-51.138528777322925,-23.23643885878334],[-51.138366919423504,-23.23654839292348],[-51.13833576705513,-23.236577235220395],[-51.138279842876166,-23.236755870877676],[-51.138249087881164,-23.23717051987787],[-51.138205616086836,-23.23729160242561],[-51.13803745647658,-23.237452992084435],[-51.137912907023406,-23.237533766629863],[-51.13776957848793,-23.237602996906517],[-51.13728361400358,-23.23774741072457],[-51.13690971530076,-23.23783987602735],[-51.13653588059471,-23.237995751341764],[-51.13608736509968,-23.238249611686527],[-51.13550816785211,-23.23871089353535],[-51.13536494613264,-23.238791592731296],[-51.135103169566925,-23.23888973743087],[-51.134766681738675,-23.238959130018],[-51.13451318709271,-23.239031159907373],[-51.134380380852456,-23.23906894270084],[-51.1342185049074,-23.239166999560503],[-51.13404142290149,-23.23938190948636],[-51.13445319118367,-23.251322452220176],[-51.13428727029004,-23.25129007936197],[-51.134118181841046,-23.251223290050085],[-51.133758478983566,-23.251081209148367],[-51.133611574707956,-23.251023182416304],[-51.13310406737941,-23.25082271709143],[-51.132997738190326,-23.25083099479749],[-51.132814439712675,-23.250845265079267],[-51.13249822190502,-23.250909063134113],[-51.132425022065526,-23.250923832626686],[-51.13225938894164,-23.250957249374125],[-51.132153908042135,-23.2510060945447],[-51.13206480419082,-23.251047354295366],[-51.13170441999822,-23.25121423165491],[-51.13149210003314,-23.251312546506828],[-51.13134258089079,-23.251381781469828],[-51.13116575861542,-23.251365592786307],[-51.13100077621659,-23.251350487943135],[-51.130754900720056,-23.25132797535975],[-51.130618389727886,-23.2513154759593],[-51.13028917009204,-23.25137980430486],[-51.13015986353002,-23.25140506971523],[-51.129817741184866,-23.251441280363398],[-51.12964658805601,-23.251459394968922],[-51.129097919633985,-23.251517462971577],[-51.128036228467366,-23.25189748823838],[-51.12751716387465,-23.25205783055091],[-51.1272399200676,-23.25214347188323],[-51.12639541350528,-23.252235965696222],[-51.125681630156976,-23.252314139484966],[-51.124826056951015,-23.2524078378385],[-51.12401472283401,-23.252513632639932],[-51.123292029542654,-23.252608813827273],[-51.12300694812852,-23.25264635868151],[-51.122369772571446,-23.252730272051092],[-51.12199511576229,-23.25277961256222],[-51.12101304400374,-23.252862098737864],[-51.11975727632217,-23.253143195282043],[-51.11899871535428,-23.25332735782917],[-51.11836306114092,-23.253484495436567],[-51.11819551612194,-23.253525914818564],[-51.11710037746994,-23.253851143321686],[-51.11674160424333,-23.253958193901564],[-51.11523845362921,-23.25436432394223],[-51.11472492938674,-23.25450492318004],[-51.1144444072696,-23.25458172618497],[-51.11399713696095,-23.25470366918776],[-51.113309481515294,-23.254864957657453],[-51.11290085447387,-23.25496079910145],[-51.11227660058196,-23.25511850279335],[-51.11159916523781,-23.255296529339972],[-51.11151682826734,-23.255294445163578],[-51.111081527262904,-23.255283423375325],[-51.11098080945376,-23.25528087316061],[-51.11098132032315,-23.255342951269373],[-51.111021829446514,-23.259911781219333],[-51.11102326822688,-23.260433129543472],[-51.11094389603261,-23.26044133533836],[-51.11116714468903,-23.26508659606961],[-51.11071933865871,-23.265370616073202],[-51.109698463213014,-23.265945462265854],[-51.10934662046423,-23.266141958809037],[-51.10918460229051,-23.266232441721275],[-51.1090491998863,-23.266346594463535],[-51.10868332381506,-23.266655045948358],[-51.108409329925315,-23.266886034582054],[-51.107581027083086,-23.267487164801484],[-51.10722045080988,-23.267746969430423],[-51.10666564220827,-23.267990911258863],[-51.10653108287234,-23.268050074777534],[-51.10615211232342,-23.268448534408662],[-51.105807418948714,-23.26859212105896],[-51.10529022153771,-23.268608396911908],[-51.10501446410783,-23.268720077532205],[-51.10459480802878,-23.269092823410517],[-51.104308044174694,-23.269278033463678],[-51.10348060202899,-23.269406006912444],[-51.102838910095585,-23.269598234435847],[-51.10249444826522,-23.2696568119204],[-51.10180855819906,-23.269773447767516],[-51.10101554443637,-23.26983767253352],[-51.10084309089706,-23.269774070949865],[-51.10011885989969,-23.26919096638326],[-51.099756300036155,-23.26891464522155],[-51.09867378812588,-23.268302417934756],[-51.095324158512625,-23.281165169230363],[-51.08245460469732,-23.328798279551865],[-51.08232987915679,-23.32926015329284],[-51.082509317044206,-23.329167920747484],[-51.082707766726394,-23.329133039720507],[-51.08289905186856,-23.329217488097036],[-51.08349842028907,-23.32928419513945],[-51.08416053714671,-23.32926848465801],[-51.084381829485906,-23.329315156895014],[-51.08475827445981,-23.329538159771005],[-51.08497381563461,-23.329615366031277],[-51.08517526803611,-23.329687430808224],[-51.08622064051605,-23.329678367914763],[-51.08664669651281,-23.329620231837648],[-51.087737581174224,-23.329654763336364],[-51.08794346444437,-23.329620050372746],[-51.088114274892604,-23.329503428801818],[-51.08822254924328,-23.329340682419083],[-51.0885665217797,-23.32911430046766],[-51.088762718417684,-23.329077062645673],[-51.0889668923297,-23.329121209747786],[-51.089250076453546,-23.329126016869775],[-51.08965891946125,-23.329076733907023],[-51.09003795696876,-23.32892539340434],[-51.09239339454796,-23.32878536366016],[-51.09288866304561,-23.32895498361013],[-51.09290565677243,-23.328916944343188],[-51.09296911860057,-23.328886103956954],[-51.09299011483964,-23.32883663548201],[-51.09302690941237,-23.328788467418395],[-51.09317367413856,-23.32877460478717],[-51.09326071248801,-23.328747724807343],[-51.09335068057585,-23.328714068236987],[-51.09370351200224,-23.32872225745882],[-51.09377447149237,-23.3286848370961],[-51.093908743772495,-23.32859991725025],[-51.09396137169319,-23.328603408591363],[-51.09399083914572,-23.328638349770095],[-51.0939959895505,-23.32872921928439],[-51.09401500842437,-23.328789457492924],[-51.094110189451484,-23.328893904744927],[-51.09413502065644,-23.32891521688631],[-51.094226500928436,-23.328945421748628],[-51.09435796859001,-23.328947511464538],[-51.094444720830765,-23.328931199682334],[-51.09456752764348,-23.328927602710895],[-51.09463038162192,-23.32893677848285],[-51.09467734398514,-23.32895111267872],[-51.09477584985369,-23.32895543325262],[-51.09488611044064,-23.328984588468593],[-51.09521046874905,-23.328979966395202],[-51.09533753816801,-23.328986934911626],[-51.09546472193965,-23.329017027892462],[-51.09551257168321,-23.329041026672467],[-51.095551606724925,-23.32904940361777],[-51.095774840833684,-23.329070765999028],[-51.0958725939344,-23.329117767557452],[-51.095907045424134,-23.329145387639056],[-51.095941684649674,-23.329161988166685],[-51.09597075284315,-23.329184914338754],[-51.09609196593374,-23.329209229306944],[-51.096219576503735,-23.32922021648732],[-51.09629689515299,-23.32921199406317],[-51.0963452547424,-23.32919665329363],[-51.09647039653895,-23.329175302526124],[-51.09664489998206,-23.32917176331945],[-51.096959843033055,-23.32919848724912],[-51.09705056917787,-23.329199334381297],[-51.09735699832578,-23.329188431957693],[-51.09773072250976,-23.32917316736173],[-51.09779347628739,-23.3291786374678],[-51.097880655255054,-23.32921110204601],[-51.097934266852846,-23.329221638127486],[-51.09807477758269,-23.329283065375684],[-51.09812215213508,-23.329325220105527],[-51.09834416906683,-23.329419386052216],[-51.09866307836476,-23.329584942200658],[-51.09876545979168,-23.329671866061208],[-51.098855819005166,-23.329771263062458],[-51.09900847565906,-23.329853638500538],[-51.09915229262662,-23.329950407240577],[-51.099291991834136,-23.33003818514257],[-51.099429697374866,-23.33013999071838],[-51.099541657407684,-23.330215526328896],[-51.09960813231739,-23.330291271445358],[-51.09968720828413,-23.33035921750165],[-51.099798604829004,-23.330449952309035],[-51.099913319641864,-23.330546081268885],[-51.09995608424726,-23.330570172256927],[-51.10006878412295,-23.330653114120803],[-51.10015057502805,-23.330738062937364],[-51.1002208723724,-23.330823018159755],[-51.10030104872742,-23.330906974291796],[-51.1003574561267,-23.33099207564522],[-51.100416805216696,-23.331086568568807],[-51.100456792579244,-23.33112439144611],[-51.10050346652894,-23.331208594776058],[-51.10053923075462,-23.331288830547408],[-51.100547482678316,-23.33133552525697],[-51.100578950042674,-23.33142520422408],[-51.10058934795187,-23.331463859034816],[-51.10064267995575,-23.33154065725987],[-51.10072268564053,-23.331641235908343],[-51.10075668645585,-23.331683886207188],[-51.100811622927765,-23.331763342672172],[-51.100831850731154,-23.33180063618036],[-51.100867938754156,-23.33185580492774],[-51.10087432087273,-23.33188741561487],[-51.10089489571961,-23.331930852272855],[-51.10092653132052,-23.33198376470559],[-51.10096187841521,-23.33202917910898],[-51.100996057368825,-23.33208208988772],[-51.101045374029866,-23.332102834116522],[-51.10108589926719,-23.332139844408243],[-51.1011025485924,-23.332166300520296],[-51.101166095769685,-23.332248640972367],[-51.10117002688955,-23.332402020636625],[-51.10120166414929,-23.332456830854056],[-51.101225652165596,-23.332486127623465],[-51.10127664528477,-23.33252317536117],[-51.10130552229269,-23.33254980420564],[-51.10136260003561,-23.332614172974914],[-51.10140075354717,-23.332683612484672],[-51.10145780297856,-23.332751783249442],[-51.101495765434784,-23.33278594064528],[-51.10155097438896,-23.33283662547459],[-51.10160508421504,-23.332874878802205],[-51.10163233370884,-23.33292988417846],[-51.101654194232665,-23.332991203539265],[-51.101705336086184,-23.333095998954356],[-51.10172445464717,-23.333153301277683],[-51.101729472297485,-23.333191147424884],[-51.101749062953715,-23.333226091722572],[-51.10176979400369,-23.33328131629255],[-51.10178610306042,-23.333310166308014],[-51.101815071619825,-23.33332821359316],[-51.1018787600409,-23.333337926982416],[-51.10194042634244,-23.333375600774026],[-51.10197917741154,-23.33340831947357],[-51.102012200574904,-23.333448014508708],[-51.102034659462305,-23.333466343306565],[-51.10206374640329,-23.333476645526694],[-51.102100499764525,-23.333505166029955],[-51.10212707830008,-23.33353170498279],[-51.10217813366334,-23.33362242137179],[-51.102251594212305,-23.333647067100262],[-51.102279682868875,-23.33366556652541],[-51.102324606209386,-23.333696520565322],[-51.10238909990992,-23.333735591551008],[-51.10246841405323,-23.33377541972241],[-51.102499877612324,-23.333793962968524],[-51.10251771936592,-23.333843994415254],[-51.102557569463066,-23.333892294268637],[-51.102585067335944,-23.333905646087246],[-51.102646256142286,-23.33390818042477],[-51.102688165876025,-23.333899797381832],[-51.10279349725127,-23.333871816160112],[-51.102850230093665,-23.33386771314368],[-51.10289865743446,-23.333875631331573],[-51.102943867697874,-23.33389782294125],[-51.10301880260053,-23.333956589701934],[-51.1031442975181,-23.334023335462245],[-51.103185711008365,-23.334062688691],[-51.1033542858483,-23.334121104521717],[-51.103443531920476,-23.334137753149268],[-51.10359223439129,-23.334112592673232],[-51.10371509049029,-23.33411251228251],[-51.10383844262665,-23.334136451260292],[-51.103930263081104,-23.33413758453704],[-51.10400397137353,-23.33413037511483],[-51.104086704147505,-23.334086164789518],[-51.10421598432363,-23.334031184062013],[-51.104375006874285,-23.333973798686866],[-51.10445056067324,-23.333966261731774],[-51.104502270613864,-23.333941166842123],[-51.10455008789035,-23.33389936699675],[-51.104614733369964,-23.333880230671458],[-51.10468195776896,-23.33385035139154],[-51.104776282972026,-23.333747659285095],[-51.10485770707778,-23.333684357163786],[-51.10490451631068,-23.33364094367741],[-51.10502731665137,-23.333569259984735],[-51.10510358652733,-23.33353102068989],[-51.105154432827796,-23.33349277223009],[-51.105226980200385,-23.333495057655806],[-51.10532160368289,-23.33353455884363],[-51.10540528409328,-23.333590236504683],[-51.105462570162764,-23.33366761122228],[-51.10550838033011,-23.333705790193207],[-51.1055783222824,-23.33370610439159],[-51.105627932034565,-23.333688852140156],[-51.10570076881039,-23.333673502822776],[-51.10576926134285,-23.333634659624522],[-51.10579855016345,-23.3336240251042],[-51.10586643827381,-23.333624883447744],[-51.105955928941164,-23.333605853529342],[-51.10605045475207,-23.333645173680463],[-51.106133908097654,-23.333660833771702],[-51.106341286072904,-23.33365888742328],[-51.106436715234814,-23.33372684150816],[-51.10649405858624,-23.333752545835324],[-51.10664740641032,-23.333831390400203],[-51.106731111928035,-23.33385635585255],[-51.10679001023155,-23.333869187813065],[-51.10688612575719,-23.333877568165043],[-51.10695309023985,-23.333936651020696],[-51.107004556237236,-23.33396176570083],[-51.107100726002926,-23.3339766939442],[-51.107185120173455,-23.334006310704613],[-51.107234917087034,-23.334013953815575],[-51.107344139488596,-23.334020789293902],[-51.10744245085573,-23.33402261883556],[-51.10754698151582,-23.334033974820287],[-51.10761445238946,-23.33406305917681],[-51.10772304404162,-23.334076128534058],[-51.10780155895093,-23.334091882364422],[-51.10784210884007,-23.334095783831675],[-51.10787243875643,-23.334102537738293],[-51.107914417816446,-23.33411976195596],[-51.10804649424716,-23.334142343875882],[-51.108138027274336,-23.334169018551652],[-51.108281302376106,-23.334189244851533],[-51.10832240376494,-23.33420972146517],[-51.10846373287448,-23.33430293510706],[-51.1085219484433,-23.33431779932414],[-51.10856530492986,-23.334344597448066],[-51.10861840806366,-23.334387918384884],[-51.108703212157714,-23.33443970928062],[-51.108738534157574,-23.334450254339945],[-51.10881790845789,-23.33450105530624],[-51.108869083609925,-23.334519085852573],[-51.10893233769318,-23.334534668155325],[-51.1090366027438,-23.334554339156387],[-51.109128260551806,-23.334578704315625],[-51.109244803576566,-23.33462514239727],[-51.109297736363125,-23.334639197937484],[-51.1093485234533,-23.334661022479192],[-51.10955703658946,-23.334693567399583],[-51.109934457991834,-23.335522573240734],[-51.112128523477836,-23.3403088152086],[-51.11221832927223,-23.34043935155442],[-51.11216542956109,-23.340491067499357],[-51.11158490907457,-23.340708373722734],[-51.11059993901542,-23.341024371734832],[-51.1102828899559,-23.341113012562786],[-51.11162918139545,-23.344570181930674],[-51.1119607739737,-23.34542165516017],[-51.11206296643784,-23.345684064108557],[-51.112038258130305,-23.345770856773832],[-51.11176018895458,-23.346123894105855],[-51.11160534403535,-23.346673704666138],[-51.11146340891992,-23.34718765462755],[-51.11123081876849,-23.347629969126963],[-51.111062847926576,-23.347964688299598],[-51.11112794716985,-23.348430691676747],[-51.111206008931596,-23.34892058539649],[-51.11159461891431,-23.349326607590427],[-51.11169852837244,-23.34976868246885],[-51.11177105222425,-23.350513779222386],[-51.11193040735604,-23.350893004894193],[-51.11193105901401,-23.351670040335648],[-51.111997479690814,-23.3518535440424],[-51.112011071167494,-23.352257347865624],[-51.112090817795654,-23.352526500409695],[-51.11223716446149,-23.353193299690624],[-51.11233872433921,-23.353986499386675],[-51.11170151097335,-23.35451996189104],[-51.111536497872414,-23.354665917799164],[-51.111379127317186,-23.354720392420358],[-51.11085474349659,-23.355057511429187],[-51.110553417133744,-23.355329512086968],[-51.11034309554904,-23.35536531745832],[-51.109512376182245,-23.355370018982992],[-51.10922527018943,-23.355476281781012],[-51.10900279364228,-23.35559575954702],[-51.108722811995584,-23.35563572848859],[-51.1078758012793,-23.355894844272605],[-51.10731599145569,-23.356167015711737],[-51.10689995747925,-23.356664474608685],[-51.10677820721913,-23.357049038571656],[-51.10649122239823,-23.35731439316065],[-51.10638517443257,-23.35767939683218],[-51.106226135333024,-23.358030502945894],[-51.10613112338595,-23.35859860740434],[-51.10583631730105,-23.358916624076095],[-51.10566700653334,-23.35901258880068],[-51.105689014659816,-23.3592042727926],[-51.10585363275753,-23.359524440074775],[-51.106197655713444,-23.359809294688244],[-51.10651495964359,-23.36029337198021],[-51.106892153867626,-23.360504991606916],[-51.1069667049968,-23.360698798374937],[-51.10723688028508,-23.36111012276152],[-51.10732445689024,-23.361296717484546],[-51.10730834871407,-23.36164985825362],[-51.10746147157938,-23.361806140082226],[-51.10757928456236,-23.362133106897787],[-51.1077624210352,-23.362325538710085],[-51.10793208453449,-23.362663417543683],[-51.10868668527272,-23.363323752831796],[-51.10877425714116,-23.363500256801256],[-51.10872008701162,-23.364080435555046],[-51.108458113620976,-23.364464015664907],[-51.10844185634619,-23.36463050364499],[-51.10871549118971,-23.364532820425968],[-51.108891695138176,-23.364637299359106],[-51.109045227922145,-23.364777476116878],[-51.10942745946321,-23.364964373422588],[-51.109583814022734,-23.365084312808516],[-51.10999934728366,-23.365192869125437],[-51.11045796368877,-23.365221000082187],[-51.11131678449854,-23.36539346411458],[-51.11175451739066,-23.365369395288],[-51.111948034828885,-23.365465097270057],[-51.112145313616296,-23.365495577939633],[-51.112318978416866,-23.365602223635328],[-51.11253328636635,-23.365637479088946],[-51.11322700041267,-23.365637972312232],[-51.113684957908134,-23.365578112708103],[-51.1140954971034,-23.365447557832468],[-51.114511966213584,-23.36538700250939],[-51.114794563358764,-23.365301614120852],[-51.11495626898047,-23.36515326452928],[-51.115144130017676,-23.365041478337297],[-51.11593264729333,-23.364698544854985],[-51.11636992087123,-23.36454415407834],[-51.11650308151928,-23.364493797104906],[-51.11658142933885,-23.364567625216914],[-51.116606115294196,-23.36460134513984],[-51.11665420892149,-23.364661514348427],[-51.11669293710763,-23.364753081159296],[-51.11669951994981,-23.364784330485406],[-51.11670353334232,-23.364842318550853],[-51.11671087017284,-23.364896602407306],[-51.116725312906496,-23.364964881233846],[-51.116766681025894,-23.365054186896128],[-51.116821453288104,-23.36514294055944],[-51.11685329682831,-23.365193592000722],[-51.1168765132175,-23.365224919225984],[-51.11692979357758,-23.365285852276315],[-51.11697787472473,-23.365331342738543],[-51.117032028316444,-23.36538378406598],[-51.11709107064805,-23.365432247189624],[-51.117204527014394,-23.36549530302936],[-51.11729439279998,-23.365546633550842],[-51.11734217399712,-23.36558458065306],[-51.11738769075429,-23.365618785254505],[-51.117453296797486,-23.365664034788516],[-51.11753418009559,-23.36573687048702],[-51.11759438887142,-23.365775124331623],[-51.11763305222066,-23.36579207733957],[-51.11777457140238,-23.365833613088896],[-51.11788134166369,-23.36585891636782],[-51.11795371068624,-23.365897197044188],[-51.11810278486058,-23.365994244609066],[-51.11817962284354,-23.366028421721808],[-51.1182478386443,-23.36604914612124],[-51.11829277411814,-23.36607729516274],[-51.118328119194594,-23.366103554510524],[-51.11836453223421,-23.366120418707865],[-51.11841659715349,-23.366133657847474],[-51.11847423086008,-23.366137498419157],[-51.11851518862815,-23.3661486683416],[-51.118552377819725,-23.36616576947544],[-51.11858944108012,-23.366190886592285],[-51.11863036336989,-23.36621714164436],[-51.1186939299976,-23.366290892260054],[-51.118768714938284,-23.366326607154043],[-51.118864314692324,-23.36633303833498],[-51.11895758447918,-23.366359976169523],[-51.11902806685922,-23.366401768007915],[-51.119056065055,-23.366414912325624],[-51.119168310709526,-23.366435060835286],[-51.11922800212671,-23.366442061116324],[-51.119304758404745,-23.366493671450794],[-51.119322703225144,-23.366537558212816],[-51.11932824604338,-23.36660855256676],[-51.11939591455202,-23.36667317822701],[-51.11944026672636,-23.366705030915654],[-51.11953933903334,-23.366764663478744],[-51.11957715640876,-23.36681964472972],[-51.11962965077676,-23.366874887548036],[-51.11968154895777,-23.366919921693185],[-51.11979703578557,-23.36706210417367],[-51.119831241778364,-23.367125670390447],[-51.11986856195255,-23.36717152950924],[-51.119908335830466,-23.3672257865367],[-51.119958769899156,-23.367274527050704],[-51.12005600063532,-23.36735285812382],[-51.120108789435456,-23.36740864253108],[-51.120165727658865,-23.36750868368561],[-51.12022682787817,-23.36755831922049],[-51.12030752808882,-23.367642173874007],[-51.120413010376176,-23.367777684565457],[-51.120485338130045,-23.367886380025222],[-51.12052369118309,-23.36793783955686],[-51.120543736115714,-23.367977116812053],[-51.12055238621251,-23.368021011486192],[-51.120555360776734,-23.368064367648458],[-51.12057232092844,-23.368101775636],[-51.12063597501248,-23.368160777173806],[-51.12069970396968,-23.368195415693283],[-51.12074737243084,-23.368214799889135],[-51.12083343598006,-23.368277783867835],[-51.120932462117615,-23.368392426602238],[-51.121020822722194,-23.36850653463731],[-51.12109418703176,-23.368592021390253],[-51.12116720387827,-23.368725743748584],[-51.121217069714035,-23.368794084109858],[-51.121229188946415,-23.368832827237675],[-51.121232300418654,-23.368865072673234],[-51.12125366744613,-23.368905252108277],[-51.12129703996179,-23.3689344863471],[-51.12131672580101,-23.368955066347926],[-51.12144344256166,-23.369068783972637],[-51.12149157121448,-23.36910953064922],[-51.121535305533435,-23.36915985571437],[-51.121547511415756,-23.36918617655305],[-51.12157823145571,-23.36923569964727],[-51.12158921587888,-23.369263783771668],[-51.12172519193792,-23.369448816801903],[-51.121764001891364,-23.36951314047248],[-51.121824930583045,-23.369587570205894],[-51.121921006748764,-23.369684284063204],[-51.12194758651638,-23.36975345529496],[-51.121974900421094,-23.369769422430036],[-51.122027048848054,-23.36976504682694],[-51.12207361057033,-23.36975037612855],[-51.12210656262199,-23.36972487823391],[-51.12216849529803,-23.36972004239393],[-51.12224237845177,-23.369729559677413],[-51.12229584310072,-23.369773418320573],[-51.122324964532275,-23.369839787267342],[-51.12237999240092,-23.369881025989503],[-51.12245536949317,-23.369918995980655],[-51.12250237547107,-23.369961865975462],[-51.1225645203753,-23.36997491516934],[-51.12260212843802,-23.37001273401045],[-51.122645973147065,-23.370022726287615],[-51.12267840914508,-23.370075543958155],[-51.122747099245565,-23.370088731571848],[-51.12275527251649,-23.370133475586286],[-51.12273401204412,-23.37015661676645],[-51.12268340550997,-23.370188588140064],[-51.12266013835821,-23.370210871844456],[-51.12265679108846,-23.3702418134251],[-51.12266472250942,-23.370301289566086],[-51.12273294941765,-23.37033095465846],[-51.12280868418022,-23.370385048114773],[-51.12285093564258,-23.37041794025937],[-51.12288689623972,-23.370472832707726],[-51.12292165538363,-23.37049809692218],[-51.12296818633208,-23.370502938182867],[-51.12306529815301,-23.370500964897147],[-51.12312362814765,-23.37051492107169],[-51.1232292895756,-23.370570840729037],[-51.123275550083775,-23.370582639333676],[-51.1233017869919,-23.37059752312194],[-51.12334260493901,-23.370614292343316],[-51.12338710092921,-23.370693386405687],[-51.123472260347036,-23.370727915642725],[-51.12349215787501,-23.370765115929707],[-51.123491002625066,-23.370838373628164],[-51.12348268207298,-23.37088743032831],[-51.12349250950976,-23.37093349090886],[-51.12355840900192,-23.370985198011663],[-51.12364529439548,-23.37098142583916],[-51.12368639574024,-23.37098708414674],[-51.123715307601444,-23.37103746546762],[-51.123716715772645,-23.37107874519631],[-51.123746291055795,-23.37110591115827],[-51.12377274662215,-23.371145364471968],[-51.12378345633275,-23.371298465465046],[-51.12376901616363,-23.37134300870886],[-51.123779435350215,-23.37139394662372],[-51.12382487737717,-23.3714375418943],[-51.12387234512346,-23.371449789208217],[-51.12390143253923,-23.371478310476416],[-51.12394429917687,-23.371488122500296],[-51.12398998829672,-23.371481671960662],[-51.12403285200089,-23.37148832241032],[-51.124067284889854,-23.371521029821242],[-51.12407737130617,-23.371591715937033],[-51.124116120363894,-23.37160870067606],[-51.12409115792237,-23.371651420400926],[-51.12403705687761,-23.371695898465962],[-51.12407470005508,-23.37177048124891],[-51.12410013500364,-23.371799111964595],[-51.12413080533982,-23.37181144568927],[-51.12420322635493,-23.37182557093622],[-51.12425760550822,-23.371847478864886],[-51.12428814907115,-23.371920079068325],[-51.124326334144925,-23.371945973455865],[-51.12434749831201,-23.371976939846256],[-51.124384704052936,-23.372000847736363],[-51.124414730353784,-23.371996120375528],[-51.12446043037574,-23.37199175360416],[-51.12450024561178,-23.371981966279225],[-51.12459425979281,-23.371972849398595],[-51.12467315684693,-23.3736699183253],[-51.12466038565965,-23.373720332663453],[-51.124660818106335,-23.37376423181364],[-51.124670564703834,-23.37382781639258],[-51.12467013907973,-23.37388539309663],[-51.1246604153886,-23.373961423506042],[-51.12466077439623,-23.37403142809324],[-51.12467674454493,-23.37410575698413],[-51.12466691535595,-23.374320118885908],[-51.12464352991641,-23.374362818459254],[-51.124589007066035,-23.37440400721934],[-51.124552409266016,-23.374454484779747],[-51.124529019804086,-23.374503418013937],[-51.12450530637392,-23.374582665356336],[-51.124585696924086,-23.375113019259967],[-51.1255586041361,-23.381531206477945],[-51.12552141009796,-23.381597586386775],[-51.125463705603075,-23.381704644764934],[-51.12535731783542,-23.38188460769918],[-51.125266461935155,-23.382039025457946],[-51.125222938883034,-23.382221641506813],[-51.125196989296754,-23.38247568722589],[-51.1251461959441,-23.383007053958735],[-51.125119604619165,-23.383096950803676],[-51.12506214847389,-23.383286151239954],[-51.1250534577486,-23.383317375308422],[-51.12497170682733,-23.38343289313942],[-51.124869609839706,-23.383577159314786],[-51.124694189509064,-23.383732200642587],[-51.12429372598669,-23.384046384285682],[-51.12426578883912,-23.384067556333868],[-51.12366351320971,-23.384540810586294],[-51.1235041305415,-23.384620311239125],[-51.12334319590518,-23.384697966609973],[-51.123252977898,-23.38474149817054],[-51.122909690918824,-23.384804817723968],[-51.12273055823489,-23.3848030136046],[-51.122466182244295,-23.384795680118778],[-51.12178602760029,-23.384769443802377],[-51.12056682419424,-23.384700567989036],[-51.11996759685821,-23.384662317023388],[-51.11964396106651,-23.38458804638132],[-51.11954797087977,-23.384569005976743],[-51.11940158453419,-23.38451676981246],[-51.11922478054519,-23.38442664161935],[-51.11914397711459,-23.38432118519856],[-51.11909696947705,-23.384255762517945],[-51.119038422291595,-23.384158313096787],[-51.119002123864405,-23.38409789644861],[-51.11886849286064,-23.38387547751313],[-51.118751637394375,-23.383680977541548],[-51.118640361540535,-23.383495765484877],[-51.11851515516794,-23.383319446947112],[-51.11842914723872,-23.38323188934665],[-51.11825891839409,-23.383058766230405],[-51.11795305819201,-23.382883865508095],[-51.1177861870577,-23.382775150007287],[-51.1175426331574,-23.38260786512853],[-51.117401896062425,-23.38251119945649],[-51.117211903747,-23.382450730561448],[-51.11688921926653,-23.382414515795134],[-51.11662195247134,-23.38238452072153],[-51.11635479344635,-23.38235453685341],[-51.1161476767688,-23.382293808411024],[-51.11594501297518,-23.38219849085743],[-51.1157706786246,-23.382116498323455],[-51.11543345631322,-23.38187854836882],[-51.115081108375435,-23.381687850475846],[-51.11484667720407,-23.3814741810453],[-51.11463815964165,-23.381284128004484],[-51.11442340584118,-23.381034206726902],[-51.11429570939829,-23.380885596175894],[-51.11422613572937,-23.380814083076164],[-51.114099458567885,-23.380705688329133],[-51.113914723668636,-23.380609169000135],[-51.11359614302758,-23.380556136724884],[-51.11330941114509,-23.38051539541703],[-51.11284910826268,-23.380497569165865],[-51.11206374850633,-23.38046715064512],[-51.110875173538574,-23.380421581650797],[-51.11046927042469,-23.38042937528202],[-51.110434247788895,-23.380798538033247],[-51.110234581302805,-23.382812047339492],[-51.10984129232417,-23.383199654415762],[-51.108895847371116,-23.38421752212435],[-51.10800616122425,-23.385118095458058],[-51.1079185598642,-23.38520676689816],[-51.10760552910577,-23.385469032470652],[-51.10712947732834,-23.385794727749722],[-51.10706764778343,-23.385828302372893],[-51.1067610306474,-23.38598449282979],[-51.10656513550869,-23.386007479014715],[-51.106493407100444,-23.38604571395415],[-51.10650425126259,-23.388803143876647],[-51.10654434457441,-23.390234394651035],[-51.106672303166334,-23.393844431715888],[-51.10664384397723,-23.394075266463563],[-51.10659839514756,-23.39451619830946],[-51.10648891520473,-23.394677602007608],[-51.106271359055455,-23.394675582128908],[-51.10609383362698,-23.394802435462054],[-51.105929823401844,-23.39504166329724],[-51.10571964405791,-23.39534823326237],[-51.1056065382909,-23.395513209520626],[-51.10545048614449,-23.39569234857683],[-51.10527305392511,-23.395814774743485],[-51.10506853186551,-23.395853903203697],[-51.10466576592907,-23.39585176157432],[-51.10443887033554,-23.39584956926083],[-51.1044043264065,-23.395859412993257],[-51.1041935745705,-23.395919467567456],[-51.103996841698944,-23.39601688378755],[-51.103794849109505,-23.39614808660615],[-51.103641603787636,-23.39629109096222],[-51.10356456124139,-23.396401716562142],[-51.10351785761901,-23.396468779449158],[-51.103472687765745,-23.396533639065588],[-51.10342694891879,-23.396599315626556],[-51.10338557686733,-23.396658722203018],[-51.10330074102661,-23.39673183975277],[-51.103225234381114,-23.396796918065416],[-51.10315315560771,-23.396859041197658],[-51.10306703733158,-23.396933264199326],[-51.10301391570642,-23.39696561470576],[-51.10290713436426,-23.397030644819043],[-51.10274839816809,-23.39712731361213],[-51.10266567765092,-23.397177689796965],[-51.10262873031605,-23.39721636437859],[-51.10252466687649,-23.397325290927796],[-51.10229224082506,-23.397336553758937],[-51.102055250744975,-23.397228478183838],[-51.10190298479604,-23.39715903891412],[-51.10181444899717,-23.397198320518864],[-51.10171377292133,-23.39724298821031],[-51.10147844017942,-23.397292641894143],[-51.10135545586666,-23.39729591122778],[-51.10116082439687,-23.39730108402685],[-51.10104303769145,-23.397304215159718],[-51.10082247754511,-23.397347264230806],[-51.10064495919481,-23.397444573504256],[-51.10045836615609,-23.397546856547415],[-51.10024486886749,-23.397612482718312],[-51.09995081019449,-23.397616083674116],[-51.09952094891424,-23.3976213459455],[-51.09929668750606,-23.397558257687894],[-51.09911928156434,-23.397463975617804],[-51.09892372267569,-23.397311999434542],[-51.09872436409074,-23.39715875446155],[-51.09853818775865,-23.397042659900883],[-51.098347785866174,-23.396923929240128],[-51.09798821575291,-23.396781524244044],[-51.09775419638239,-23.396643989128528],[-51.09764798182346,-23.39658156623735],[-51.09754831869227,-23.39651799018981],[-51.097143427883324,-23.396253955290113],[-51.09675403610983,-23.396001119669762],[-51.096634960709544,-23.39589655252506],[-51.0962985708264,-23.395601149367906],[-51.09614740322814,-23.39532341400084],[-51.09591530983041,-23.39489699281871],[-51.095684209846006,-23.394569417717083],[-51.095531725611195,-23.394418749531564],[-51.09527837169986,-23.39397316962762],[-51.09509371852681,-23.393648412490784],[-51.094757194115644,-23.393419359604245],[-51.09454944906148,-23.393035402749096],[-51.09424684486958,-23.39233200510334],[-51.094010861818106,-23.392006598258863],[-51.093712881949756,-23.391748343324227],[-51.09353346846645,-23.391631315466125],[-51.09319211013642,-23.391408652863298],[-51.09312065880423,-23.39137133950487],[-51.092901155588585,-23.391256710460574],[-51.09272158338619,-23.39112620001627],[-51.09267769606822,-23.39108427682934],[-51.09252422679471,-23.39093767918331],[-51.092159088266875,-23.390588888971806],[-51.09193250650344,-23.39044400129905],[-51.09155416151425,-23.390202068667005],[-51.09144594613142,-23.39013286972408],[-51.09103145681905,-23.38991693041257],[-51.09069429524525,-23.389741275663496],[-51.09030205870441,-23.389588212799552],[-51.08989938944061,-23.38948935290087],[-51.089324436879274,-23.389441863549862],[-51.08887002539088,-23.389404398892655],[-51.088032140386275,-23.389264951800424],[-51.08763279379747,-23.389303837331216],[-51.08720501224392,-23.389258821195682],[-51.086991880631274,-23.38927474765317],[-51.08661071310146,-23.389429062114065],[-51.08619866394196,-23.389499385835574],[-51.08611545563781,-23.38952576376244],[-51.085611515564075,-23.389685517082413],[-51.08547750335861,-23.38974278189195],[-51.08493038821924,-23.38997657024668],[-51.08455772113447,-23.38980812624393],[-51.084409870208454,-23.38968237653356],[-51.084014636761,-23.389574464463703],[-51.08368212132314,-23.38943210303646],[-51.08349840981539,-23.389564714360507],[-51.08311742183314,-23.389700954228804],[-51.083036058872416,-23.389950940384107],[-51.08285194549358,-23.390209020332772],[-51.082805552260304,-23.390324320350853],[-51.08268544539758,-23.390622819536713],[-51.08263703874326,-23.390995095643376],[-51.08253226241566,-23.391366768270522],[-51.082529846733095,-23.391440320679912],[-51.082513052138026,-23.391951664598103],[-51.08257697285304,-23.392135271555752],[-51.08285489379836,-23.392431767932948],[-51.08302993712747,-23.392532934893985],[-51.08344521677134,-23.392602719477637],[-51.08363521414655,-23.39267235264029],[-51.08394079868354,-23.39291264796581],[-51.084024384145565,-23.393082965249864],[-51.08402246623884,-23.39345566741623],[-51.08385533577966,-23.39392274731031],[-51.083705941391614,-23.394340257113356],[-51.08344061572226,-23.39463126115858],[-51.08328263713926,-23.394749406544918],[-51.08308426558703,-23.394751951001187],[-51.082861353053346,-23.394939716076],[-51.082790138365404,-23.394999702129816],[-51.08275954718295,-23.39501014420104],[-51.081948684879805,-23.395286937402762],[-51.08162030132427,-23.39539903332506],[-51.08141193623708,-23.395399281983412],[-51.081167752209296,-23.395404296703337],[-51.08080480881694,-23.395438208476136],[-51.080216884690685,-23.395427433199444],[-51.07998018168606,-23.39542309579381],[-51.079847144902956,-23.395395590605016],[-51.081596758807564,-23.398735899007526],[-51.08751039976826,-23.398032885248586],[-51.08809862945308,-23.398820204728363],[-51.08904028379407,-23.400080558839893],[-51.08924220248475,-23.39993547970555],[-51.08982496288142,-23.399715373482287],[-51.09023394041853,-23.399690116569147],[-51.09043393113371,-23.399755399772587],[-51.090554120502816,-23.39983930981124],[-51.09076449436665,-23.399986181485954],[-51.09089428294182,-23.40014860938202],[-51.09119209130803,-23.40042267719208],[-51.091700910260975,-23.400678616235048],[-51.09233325672573,-23.400996686295684],[-51.09248846488172,-23.40111799776823],[-51.09290155603439,-23.401793058243573],[-51.09348195437515,-23.402386269137796],[-51.09366389530043,-23.402523642122237],[-51.093858387090044,-23.402617252518898],[-51.094617975331055,-23.402982846864415],[-51.09492831244163,-23.403238924212705],[-51.09495563403022,-23.403279742086447],[-51.095036478004,-23.40340045841447],[-51.0950636262969,-23.403590495709516],[-51.095039482861154,-23.403770898910278],[-51.09485204412052,-23.40388880277529],[-51.09431549308733,-23.404556573997702],[-51.09421558971825,-23.404729526288182],[-51.094157555603616,-23.405289244329385],[-51.09422893245828,-23.405466157260975],[-51.09437189748828,-23.405606447917474],[-51.094528927248724,-23.405760541348936],[-51.0950838635973,-23.406025954758746],[-51.095302243072425,-23.406062676266597],[-51.0960299702874,-23.40618504849875],[-51.09632268840585,-23.406212359302035],[-51.09652494953426,-23.406286666196348],[-51.0968573215129,-23.406545256099385],[-51.09745951822027,-23.4069159561712],[-51.0975442868569,-23.407009042247548],[-51.098367550866534,-23.40791307882521],[-51.098709700324235,-23.406896650297213],[-51.10063844554532,-23.40738768537954],[-51.10151112832323,-23.404276774325936],[-51.102435116271685,-23.400982806516446],[-51.10331170475644,-23.400436399286047],[-51.10415251920069,-23.400451057335918],[-51.10448215087012,-23.40032910713461],[-51.10479516313911,-23.40003978901624],[-51.10515781336215,-23.39997868035534],[-51.10537180893017,-23.399567697439046],[-51.10561903050089,-23.399476233374834],[-51.10596532503823,-23.39958251316951],[-51.10771289639983,-23.39870043351341],[-51.10825567215572,-23.398059318653594],[-51.10881577499816,-23.397541577606653],[-51.11013423650378,-23.397038518145173],[-51.11112313662227,-23.396733492700204],[-51.11151644424683,-23.396723659346],[-51.11174958640866,-23.396717830083126],[-51.11224398316662,-23.396504448402244],[-51.11263937271938,-23.3961846232336],[-51.11300150427376,-23.395530062438432],[-51.113511913212974,-23.394768879860635],[-51.11384136611234,-23.39446431552618],[-51.115225865032265,-23.39412854343447],[-51.1157627479337,-23.393875386807615],[-51.11675467761546,-23.394033622444915],[-51.11744471595257,-23.39414855614262],[-51.11807006696717,-23.394252715047006],[-51.11903826277936,-23.394413969301336],[-51.12141932602234,-23.39481051881891],[-51.121283280245585,-23.396082704592626],[-51.121157495563764,-23.397272389335207],[-51.12110278393717,-23.398277577127732],[-51.121755374916916,-23.398286137491553],[-51.12150782143478,-23.403035519751302],[-51.121279377502894,-23.407490214182015],[-51.120974940614495,-23.40747657009893],[-51.120556179864444,-23.40731005483633],[-51.120316491238924,-23.407316833625732],[-51.12011513492779,-23.407393859064197],[-51.11978210672488,-23.407654806079705],[-51.11970915596804,-23.407834618898985],[-51.11938415167017,-23.408074880646968],[-51.11932773111294,-23.408264337794556],[-51.11953271807973,-23.40830464881255],[-51.11984282351558,-23.40856266376032],[-51.120039840137224,-23.40866377207308],[-51.120247089349185,-23.408715461043133],[-51.12069158502867,-23.408762542333314],[-51.120990502396296,-23.4090375004253],[-51.121391105618606,-23.409195763411965],[-51.12172605161616,-23.409424669133074],[-51.1219310390131,-23.40946271784609],[-51.12209125798179,-23.409351397871372],[-51.122289356617586,-23.409348713736417],[-51.122459093601464,-23.409476758554895],[-51.12266444156859,-23.409480932411057],[-51.12286951255057,-23.409291079976622],[-51.1229055704703,-23.408909949994307],[-51.12309271282267,-23.409020096076638],[-51.12309048512504,-23.409217953148627],[-51.123049218753735,-23.409403307725743],[-51.12314755011071,-23.40957801809333],[-51.123535323802415,-23.409459832751082],[-51.123700351388784,-23.409574240164385],[-51.12392563806081,-23.409547052197073],[-51.12391538651954,-23.409364143736163],[-51.1238146074204,-23.409189435789408],[-51.12382674673971,-23.40898193900751],[-51.12396058637071,-23.408818426586453],[-51.12413294582086,-23.40871395903544],[-51.124325613051965,-23.408765474417145],[-51.12433559495753,-23.4091830594572],[-51.12437746978026,-23.409375338812996],[-51.12463837515585,-23.40944549770381],[-51.12454964162594,-23.409069977863965],[-51.12455923925023,-23.408866999533444],[-51.12475452622423,-23.40889367164717],[-51.12527443968827,-23.40920326698907],[-51.1256693726914,-23.409310803446868],[-51.126092131708724,-23.409344155831597],[-51.126385737472624,-23.409607204188248],[-51.126650667022915,-23.409915942265744],[-51.12685592650569,-23.409929144547046],[-51.127014056315424,-23.40978620587444],[-51.12701621802065,-23.40958991786035],[-51.12682601208766,-23.409505511184257],[-51.12661901039753,-23.409459713022375],[-51.12644175017177,-23.40934974474829],[-51.126404766254126,-23.40915755232879],[-51.126416714360836,-23.4089590893796],[-51.126489660856436,-23.40878370054243],[-51.126683404720325,-23.408731333069486],[-51.126896003212835,-23.40874470911266],[-51.12725080168624,-23.408948927768858],[-51.127678446233325,-23.408975496262507],[-51.12781611032127,-23.40913029992552],[-51.12800900356193,-23.4092620675347],[-51.12822537314241,-23.409276388943116],[-51.128368197289646,-23.409401829847397],[-51.12835181985404,-23.40978563937981],[-51.128261667992405,-23.409969548616793],[-51.128092534574606,-23.410120132223785],[-51.12779825929009,-23.41051813960601],[-51.12772776917496,-23.410702559061555],[-51.12783335495629,-23.410881868209206],[-51.12788230640301,-23.41109898051087],[-51.12783869812014,-23.41130681311044],[-51.12768041702662,-23.41143788160133],[-51.127473803612624,-23.411546446715843],[-51.12735455601784,-23.411716905569296],[-51.12736190848061,-23.41193360026543],[-51.127598078797334,-23.412026176066284],[-51.127784942867414,-23.411939848926867],[-51.127984230451204,-23.41205006857202],[-51.1276629862788,-23.412347243822527],[-51.127648588464766,-23.412541194104374],[-51.127732250582994,-23.41272024929101],[-51.12802795512136,-23.412734369671014],[-51.128227172243434,-23.413074748807308],[-51.12838774578678,-23.412925121496432],[-51.12858250665544,-23.413008154875293],[-51.128575290797066,-23.413441471770444],[-51.128646530551485,-23.413627221953984],[-51.12899590720407,-23.413876514477156],[-51.129214394961394,-23.413959678310604],[-51.129791449582996,-23.414256414057466],[-51.129798736876815,-23.41425858042932],[-51.130191208432166,-23.414375316464668],[-51.13039266054043,-23.414291412967664],[-51.13052641279206,-23.414141443646322],[-51.130755592407255,-23.413985615089466],[-51.13095026294783,-23.41407325237751],[-51.13116042330211,-23.414086535194226],[-51.13125030405958,-23.413915827181803],[-51.13124011985905,-23.41351404985496],[-51.13137622392725,-23.4133685943002],[-51.13158384952161,-23.413393169879157],[-51.13196748458624,-23.41363827263468],[-51.1322291202222,-23.41364292831844],[-51.13237266007238,-23.413495388931757],[-51.13240037536463,-23.41328472775202],[-51.132518595242416,-23.4129031549394],[-51.13243991613165,-23.412721838977426],[-51.13228538310147,-23.412542124620447],[-51.132244819118505,-23.41245224038699],[-51.13220661337716,-23.412367584228644],[-51.13218194187392,-23.412164273230868],[-51.13252420919498,-23.411955321984856],[-51.13273236697571,-23.411925697852162],[-51.13288052487947,-23.411798387877823],[-51.13275001307335,-23.41165948159389],[-51.13256068237673,-23.41152685694751],[-51.13244748217029,-23.411374566937624],[-51.132656181304995,-23.411299777656698],[-51.133077776274426,-23.411248506694456],[-51.13312143407356,-23.41124319696773],[-51.13332270201672,-23.41117744518351],[-51.13351951988328,-23.411066443627742],[-51.133790367590585,-23.41078484161487],[-51.13380076833439,-23.41077348460299],[-51.13403999145307,-23.41044389814754],[-51.13457355171197,-23.410162704200825],[-51.134413798643024,-23.413883019933987],[-51.13686412812462,-23.412398991202956],[-51.13685427798513,-23.41314261622505],[-51.136964111561475,-23.413705455535364],[-51.13714980559048,-23.414233034858302],[-51.13767391899841,-23.415416021722752],[-51.13793362973273,-23.415807493061315],[-51.13918131984562,-23.418942270740704],[-51.13975859399773,-23.420460077182394],[-51.13984613488743,-23.420694849102563],[-51.1399854967336,-23.421429660053256],[-51.14013058271962,-23.42275557878781],[-51.14018244212813,-23.42539914820107],[-51.13876421282022,-23.43151467881556],[-51.13854636353767,-23.432914587513828],[-51.138537811257635,-23.433245890519682],[-51.138460736102125,-23.43381113403863],[-51.138457634116406,-23.434752237156324],[-51.13892042917568,-23.437153837069715],[-51.13891100882716,-23.437549348534393],[-51.13831436923967,-23.439707303979183],[-51.13817168434218,-23.439972817643923],[-51.13775877388986,-23.440783250635686],[-51.14207176304628,-23.44077235091984],[-51.144197766894564,-23.440775405750514],[-51.14772961039549,-23.44077210327306],[-51.15330848247963,-23.440766723902755],[-51.16048990937104,-23.44075950576711],[-51.16548587208744,-23.44075450167402],[-51.17218094253834,-23.412870894371345],[-51.17197744445941,-23.41280355296732],[-51.1715711259435,-23.41278403686438],[-51.17131573892368,-23.412515108214734],[-51.17114679975118,-23.41238542669292],[-51.17073734711094,-23.41228696389649],[-51.17057470617135,-23.412159506003576],[-51.17043224434528,-23.411815235203917],[-51.17027204820615,-23.411685424847835],[-51.17005624920599,-23.41162613274226],[-51.16985804913509,-23.411627703272103],[-51.169433178015645,-23.411716686550896],[-51.169309971,-23.411887001736456],[-51.16936415858466,-23.412249624865318],[-51.16947870687756,-23.412420757197406],[-51.16951701696669,-23.4126056191486],[-51.169432853706645,-23.412768846351607],[-51.16911275103227,-23.41281417721953],[-51.16893342553095,-23.412727474268568],[-51.168735333128815,-23.41273807621187],[-51.16866107446017,-23.412917008727703],[-51.168734711789476,-23.41348311427017],[-51.168735055980854,-23.414063300875128],[-51.16860607687083,-23.41420964736403],[-51.16840675537342,-23.41428487191274],[-51.167754191028116,-23.41436208299183],[-51.16756667702983,-23.414458304421867],[-51.16744334164398,-23.414608293207788],[-51.16736163577744,-23.414782806914822],[-51.16736578661394,-23.414970145735367],[-51.16752586885906,-23.415086317581473],[-51.16793532495927,-23.41518253139313],[-51.16808573505096,-23.415312352800303],[-51.16810127626603,-23.41568250700536],[-51.16830473675235,-23.415732871529233],[-51.16844546623073,-23.415869478615452],[-51.16865507310321,-23.416599387019634],[-51.16867381002296,-23.416786618772928],[-51.16846984011115,-23.416952955567588],[-51.16826695278076,-23.416970335914815],[-51.16807174950739,-23.41702600921158],[-51.16787667529343,-23.417106521812453],[-51.16771875169075,-23.417229629774027],[-51.167632234169005,-23.417392856655617],[-51.16762575119188,-23.41776321510491],[-51.16758085551276,-23.417944193078835],[-51.16741546602353,-23.418046984618755],[-51.16702148791143,-23.41804551032836],[-51.166787003792884,-23.41807891174743],[-51.16656397624112,-23.41803768760422],[-51.166054345533084,-23.417680345021317],[-51.16593061972407,-23.41752104506655],[-51.16564448392584,-23.417263548561095],[-51.16574254480322,-23.417014496664137],[-51.16574818699756,-23.416829315355518],[-51.16562701558318,-23.416676696805197],[-51.165456146220215,-23.416570489669663],[-51.16531163014811,-23.416430792825718],[-51.16511808456573,-23.41640290415139],[-51.165011890389565,-23.416566242542963],[-51.165037314731855,-23.41694081183175],[-51.16493601690398,-23.41710640232258],[-51.16473187697736,-23.416981510556116],[-51.16470900678326,-23.416613714133533],[-51.164453603732795,-23.416509562373573],[-51.16425083757077,-23.416544913838564],[-51.16407321508066,-23.41665015361805],[-51.16369259564858,-23.416763735678604],[-51.1635026366001,-23.416866729499855],[-51.16319656135508,-23.417106151546346],[-51.16300381105653,-23.41716858976181],[-51.16279835658841,-23.41716789980338],[-51.16258010588396,-23.417108600896928],[-51.16236955064611,-23.417098883642286],[-51.16217222705713,-23.41718390794516],[-51.16198323745327,-23.41711987979149],[-51.1618522957773,-23.416978649939782],[-51.16167286320623,-23.41688516320498],[-51.16148783218909,-23.416831288798623],[-51.16127596684246,-23.416815929444752],[-51.16110866669727,-23.41671791486637],[-51.161023990878036,-23.41654917643692],[-51.16101005545345,-23.41635742138665],[-51.1609179302313,-23.4161797470489],[-51.16053738310427,-23.416029107717907],[-51.159917925514755,-23.415972835481245],[-51.15974327011064,-23.41586127662793],[-51.15947405593997,-23.415581078697866],[-51.15946444357032,-23.415319313728773],[-51.159629827644764,-23.415209665524287],[-51.15968687026573,-23.415028586982352],[-51.15963879063845,-23.414848338500846],[-51.159515191963436,-23.414704840888113],[-51.159144097953394,-23.41451570719806],[-51.15895521415854,-23.41445393346507],[-51.158328882266304,-23.414454118701194],[-51.157623435351525,-23.414730419114377],[-51.15755853480299,-23.414755784961553],[-51.15736242965443,-23.414712082480847],[-51.157126503221676,-23.41459877577909],[-51.15702519630068,-23.4147643612355],[-51.156990170270554,-23.414942977809645],[-51.156859386241216,-23.415095224008397],[-51.1567086897923,-23.415211448610904],[-51.15650534387736,-23.415170099984365],[-51.15631869568079,-23.41509477231016],[-51.156089912236816,-23.415229682300748],[-51.15601317766324,-23.415399668687307],[-51.15581284995196,-23.415428232062524],[-51.155473245641026,-23.41521177964923],[-51.15526267552235,-23.415186334580614],[-51.15508493915143,-23.415282441922],[-51.15505482018791,-23.41547460261243],[-51.15509245388393,-23.4158513294873],[-51.15498368984475,-23.416003461920475],[-51.1545544625047,-23.41615573097894],[-51.154158819543746,-23.416233172923263],[-51.15357576799355,-23.416424974657364],[-51.1529317143389,-23.416521566165834],[-51.15232298509663,-23.416680568958874],[-51.152200426556874,-23.41692755974773],[-51.15217921848037,-23.417298021541338],[-51.15225420104697,-23.417473548049404],[-51.152741991528025,-23.417853630782933],[-51.15284201544354,-23.418099048404237],[-51.15279721285636,-23.418293481208895],[-51.15239689010861,-23.418393595970404],[-51.1519664113496,-23.418401421445456],[-51.15176552955853,-23.418378041651074],[-51.15140678317729,-23.4182001688527],[-51.15121948097413,-23.418325727557917],[-51.1514169284685,-23.41851387320659],[-51.152007926524554,-23.418669750748233],[-51.15185066895961,-23.41887639770958],[-51.15165429826848,-23.41894178555689],[-51.15144822887138,-23.41901038564295],[-51.15104500535341,-23.419058560325826],[-51.15089196047692,-23.419183904844083],[-51.15084703897506,-23.41936261986802],[-51.150753000303936,-23.419535190201557],[-51.15058543155098,-23.419653552416168],[-51.15035061603887,-23.41965982977119],[-51.15007496308967,-23.419561636655406],[-51.14987931325272,-23.419491819181225],[-51.149711894649606,-23.41937111802541],[-51.149348238603146,-23.41891783254088],[-51.14909495827717,-23.419041645175795],[-51.14890841171446,-23.418970824162866],[-51.148692665035604,-23.418965808630645],[-51.14847315364429,-23.418996621039824],[-51.148230779640386,-23.418982669493875],[-51.14812820862818,-23.418728306907216],[-51.148119350607715,-23.418542268237825],[-51.148058882568996,-23.418354048252787],[-51.14795954758324,-23.41819227106875],[-51.14782138640897,-23.418060070103493],[-51.14762850445641,-23.41809990713587],[-51.14744341505613,-23.41819384302222],[-51.1470969150682,-23.418020376687366],[-51.14688880145721,-23.418006118893942],[-51.14671661122549,-23.41790357700286],[-51.146661971759364,-23.41752921264428],[-51.14656518391622,-23.41736734272952],[-51.14619165719727,-23.417180530042344],[-51.14578710825771,-23.417088681693198],[-51.145525429304634,-23.416961470772133],[-51.14484695101524,-23.416725527486616],[-51.144679540442866,-23.416604821757602],[-51.14450778635465,-23.41626976797381],[-51.14476911627938,-23.416161106243802],[-51.1449388008418,-23.416040743837655],[-51.14504802290668,-23.415669660120773],[-51.14510095869153,-23.41529447253836],[-51.145102607934476,-23.414921951214883],[-51.145165326224046,-23.41454214768564],[-51.145174318612476,-23.414171788315105],[-51.145285429297566,-23.414008459592043],[-51.14528865535296,-23.41382553931284],[-51.14515761945189,-23.413668487740246],[-51.14491735460958,-23.41360475747518],[-51.14472800643867,-23.413514705533007],[-51.14420915128566,-23.413199199953787],[-51.14405864442215,-23.413046773118957],[-51.14395430693858,-23.41286693104422],[-51.14388912078199,-23.412686784565345],[-51.1438873448363,-23.412492668019823],[-51.14399355448219,-23.41232256997731],[-51.144129259065295,-23.4121837890071],[-51.14415949831838,-23.411998403980878],[-51.1439694091394,-23.411807984805872],[-51.14379488256376,-23.411707699059843],[-51.14372236126499,-23.411532074806125],[-51.143779529315935,-23.41135786683249],[-51.14408938727553,-23.410992159505504],[-51.1440713088538,-23.410928403507523],[-51.14403900109847,-23.410814023679983],[-51.14383813463953,-23.41079298126809],[-51.14363547574802,-23.410835080608585],[-51.14347253073438,-23.410944710640596],[-51.14285799505946,-23.410886106935347],[-51.14268358777295,-23.410803885731713],[-51.14257213552331,-23.410648891601824],[-51.14235524208434,-23.410467617251197],[-51.14174738801113,-23.41033899856198],[-51.141539384827894,-23.410324734381245],[-51.14136509648431,-23.410538249701638],[-51.141124962733784,-23.411052624474962],[-51.14099905564558,-23.41120250455938],[-51.14077437408777,-23.4112448910529],[-51.14057571800056,-23.41118536206276],[-51.140474053203775,-23.41102809848723],[-51.14026360928217,-23.411020609524975],[-51.13945543462064,-23.41120506415543],[-51.13924626613701,-23.411196950314967],[-51.13925408245221,-23.41040730119225],[-51.139293087817556,-23.406466679173768],[-51.139075159976386,-23.406308438718746],[-51.13866145637469,-23.402015086636982],[-51.13861572450032,-23.401540471838523],[-51.138633098336875,-23.40149056734635],[-51.13862879979354,-23.401453827754064],[-51.13859324459499,-23.40140593577506],[-51.138573905598776,-23.401396672450122],[-51.13849616758063,-23.401335744425957],[-51.138460976750565,-23.401317231822915],[-51.13839208728658,-23.401275160358708],[-51.13838125502002,-23.40125537690869],[-51.13839362824487,-23.401173933741877],[-51.138407940424436,-23.401040868149813],[-51.13841493892538,-23.400924901214864],[-51.13842322004877,-23.400788743552905],[-51.138424676198674,-23.400631384327376],[-51.13843856800291,-23.400382124396444],[-51.138544943873626,-23.400123134395102],[-51.13857287264892,-23.40004304410298],[-51.138655120859056,-23.399958412630994],[-51.138762063244116,-23.399790165380182],[-51.13885484034267,-23.399629923913036],[-51.13897101696464,-23.39947279422069],[-51.13903192174822,-23.39941476916615],[-51.139068923190855,-23.399367195727017],[-51.1391280984426,-23.399359653832594],[-51.13923586129139,-23.399376196611282],[-51.13941339976064,-23.39945455384939],[-51.13951249064955,-23.39951787508445],[-51.139607236226105,-23.399554095806543],[-51.13970783600518,-23.39961329201782],[-51.13981019812326,-23.399645105848577],[-51.13986513418654,-23.399662179600064],[-51.13999036877565,-23.399660895915314],[-51.140105399702676,-23.399610455724172],[-51.140209307442426,-23.39954205975206],[-51.14026139332202,-23.399514296257806],[-51.14034840346539,-23.399426941600826],[-51.14042510385178,-23.399362634747614],[-51.14047741569899,-23.399333949615226],[-51.14053733179866,-23.399273626876784],[-51.14059165778743,-23.399239442429476],[-51.14064254863874,-23.399196063683668],[-51.140744289879734,-23.399151676229256],[-51.14079043609498,-23.39913154263659],[-51.14083138678082,-23.399088578362186],[-51.14089224206504,-23.39903927847784],[-51.14092773308905,-23.398994914471935],[-51.1409375112254,-23.398923815274735],[-51.14090703579207,-23.398748807263445],[-51.140848592543065,-23.39866434384652],[-51.14084682626003,-23.39866179181715],[-51.14079245982277,-23.398600045336504],[-51.14069397485383,-23.39851730618184],[-51.14061725165834,-23.398452848188825],[-51.140515828190054,-23.398359222315918],[-51.14046164352084,-23.398258919218094],[-51.14045652829476,-23.398184997975648],[-51.140505119806626,-23.398102596188952],[-51.14058421902799,-23.398083671453335],[-51.14065490070787,-23.398032393631112],[-51.140722371231035,-23.397976423328892],[-51.14074608095435,-23.3979017146628],[-51.14072308512352,-23.397825878275004],[-51.14068516638161,-23.39775364592035],[-51.14065518130911,-23.397684662803712],[-51.140636253146575,-23.39758956534726],[-51.14061175170308,-23.397516933386097],[-51.14060598661005,-23.397490307562805],[-51.14055597588911,-23.397333084874877],[-51.14052430345018,-23.39720074958919],[-51.14048333180091,-23.397108349294815],[-51.14041210963373,-23.39697055205167],[-51.14038747816938,-23.396922895432603],[-51.140338575605355,-23.396861169162165],[-51.140308006745066,-23.39670588637065],[-51.140312027086786,-23.39659161203613],[-51.14035625155431,-23.396487158389036],[-51.1404638133819,-23.396382909787384],[-51.140516997368614,-23.396331364105407],[-51.14055008643762,-23.396262224884325],[-51.14058979231819,-23.39617927822458],[-51.14060884986473,-23.39613945818865],[-51.14062876885787,-23.39602571512975],[-51.14056275417907,-23.395905155391002],[-51.14048069112168,-23.395815734060328],[-51.14045917748152,-23.395741736296447],[-51.14048527319949,-23.395687691144683],[-51.14055219158106,-23.39561776726074],[-51.1406701226107,-23.39556466201753],[-51.14076447728207,-23.395475076568843],[-51.14074528639465,-23.395345061467292],[-51.14072918969388,-23.39523600640058],[-51.14062669474285,-23.394968788510628],[-51.140617202964265,-23.394649171537207],[-51.140675328788085,-23.394557231300585],[-51.14079434141485,-23.39454041677348],[-51.140884955335096,-23.39458449013335],[-51.14089585608003,-23.39485697085276],[-51.14094132999059,-23.39507689003387],[-51.140992317375556,-23.395214127211116],[-51.141035088979294,-23.395285689408762],[-51.14111402937889,-23.39530232556326],[-51.14125240223618,-23.395240144967094],[-51.14128856806326,-23.395181639130467],[-51.14127939133294,-23.395068278169614],[-51.14122199249785,-23.394919918250856],[-51.14112894442069,-23.39472538953446],[-51.14109901336778,-23.394561927825116],[-51.1411066123243,-23.394411103695553],[-51.1411233691443,-23.39435142034575],[-51.1411893057689,-23.394307207626447],[-51.14127985256907,-23.39428803192306],[-51.141384682781045,-23.39431777126736],[-51.14148386747864,-23.394390142262466],[-51.1416920110893,-23.39461593622003],[-51.14178522844407,-23.394675519928388],[-51.14189443109407,-23.394683571305297],[-51.141979780040536,-23.394642918596094],[-51.142012005823034,-23.394530716032804],[-51.141993625930915,-23.39427382496816],[-51.14199667045205,-23.394131488701195],[-51.141998537632766,-23.394044208585996],[-51.14205022295729,-23.39398091454239],[-51.142136894467875,-23.39396770904815],[-51.142274110930856,-23.394036797608376],[-51.142472015209286,-23.39417794641849],[-51.14263103850528,-23.394299303972957],[-51.142771052899846,-23.394406154602198],[-51.14287720922338,-23.39450943460319],[-51.142961426658,-23.394620339455173],[-51.14301241618508,-23.394662101944224],[-51.14312496997798,-23.394654838503328],[-51.14334355311183,-23.394587809581225],[-51.143472838494496,-23.39449938462452],[-51.14359946765728,-23.394346519852846],[-51.14363297676481,-23.394225960276046],[-51.14361097812571,-23.393986715936283],[-51.14345025606767,-23.393809652766468],[-51.143346418742915,-23.39372772497374],[-51.14323097964913,-23.39364664419355],[-51.143158920812,-23.393596310702932],[-51.14293327334277,-23.39340155572359],[-51.14290574012594,-23.393294753299976],[-51.142916490912015,-23.393226725159348],[-51.14292630076113,-23.393164659642213],[-51.142999831912654,-23.392964110001582],[-51.14310459744584,-23.39282131478711],[-51.143238996974496,-23.392676796864162],[-51.143328640215096,-23.39262865836891],[-51.14346318325725,-23.3926177947609],[-51.143553771017196,-23.392637998775093],[-51.143600906202124,-23.392683493436927],[-51.143687170905245,-23.392766756942926],[-51.14372608763707,-23.392862189801455],[-51.143838037389926,-23.39293048183769],[-51.14395711103791,-23.3929709465688],[-51.144103330174204,-23.392988712516633],[-51.14423915435028,-23.392965913594026],[-51.144315764911745,-23.39292321899033],[-51.1444646531419,-23.39284024818854],[-51.14453924434293,-23.392725141580147],[-51.1446325645017,-23.39258113557021],[-51.14461953103448,-23.39249641920627],[-51.144504216584394,-23.392432529895675],[-51.14443816843622,-23.392372923596113],[-51.144416081777315,-23.39228821647894],[-51.14445473255397,-23.392063158466744],[-51.14452179821189,-23.391867386189347],[-51.14462782418424,-23.391681785110094],[-51.14467682036863,-23.39152779796262],[-51.14468316616755,-23.391383976238632],[-51.14464421063313,-23.391253936490436],[-51.14457430120977,-23.3912122344628],[-51.14448503358239,-23.39121470258907],[-51.144366137237746,-23.39133653450921],[-51.144273031255786,-23.391379580391114],[-51.14419021802551,-23.391368917476044],[-51.14414100342188,-23.391322423142864],[-51.14413702147239,-23.391229344679974],[-51.14418470671247,-23.391155834595157],[-51.14437729523682,-23.39098500674785],[-51.14445206232973,-23.390821805705517],[-51.14448176489177,-23.390633555366986],[-51.1444828076195,-23.39052934543859],[-51.14444519253727,-23.390441071979705],[-51.14429374692643,-23.390373190767985],[-51.14421211695581,-23.390259898570793],[-51.14416620180826,-23.38998925592843],[-51.14415335019358,-23.389660584727057],[-51.144188639569805,-23.389224344135055],[-51.1442428145196,-23.389049879049722],[-51.14441151623341,-23.388926210868902],[-51.14464510105871,-23.38886446681643],[-51.14502348401785,-23.38882652649137],[-51.145174744879085,-23.38872614442846],[-51.145312453689286,-23.388656206023896],[-51.14536539092559,-23.3885139984706],[-51.14538269690381,-23.38836719914269],[-51.145383445340514,-23.388316798926194],[-51.14538253087345,-23.388215048657894],[-51.14545740485327,-23.388039346245368],[-51.14559718817499,-23.387822321611427],[-51.14566924319743,-23.38776826617702],[-51.14579530640176,-23.387698338191836],[-51.14587357304242,-23.38764035294395],[-51.14593758806173,-23.38761702334825],[-51.14604625853326,-23.387613341217577],[-51.146114223339765,-23.387652658818567],[-51.146195843815285,-23.387756404013924],[-51.146248263594686,-23.387777834524464],[-51.146368570685,-23.387766981744182],[-51.1466372186773,-23.387766516872595],[-51.14668802575907,-23.38773547254279],[-51.14671863955593,-23.38768946865379],[-51.14679802806153,-23.387528291815126],[-51.146867856651106,-23.387497796839817],[-51.14698430700954,-23.387510217977383],[-51.14713382696423,-23.38759420875089],[-51.14723085994563,-23.38759590685442],[-51.14733435473454,-23.387495051882066],[-51.147440999325106,-23.38741440065161],[-51.147532194645436,-23.38740178408638],[-51.147693277800556,-23.38741237134025],[-51.14782333688156,-23.38744626033354],[-51.147952308046754,-23.387527054005655],[-51.14807087813005,-23.387700573749004],[-51.14814516792438,-23.387837269047665],[-51.148213155363685,-23.387896275803417],[-51.14840924011831,-23.387969480087822],[-51.14853160252936,-23.388062446067455],[-51.14863848249101,-23.388193014707163],[-51.14891506186652,-23.388455155127467],[-51.14912476991886,-23.388562356507126],[-51.1493384798514,-23.38877695500984],[-51.149425427693856,-23.38887070834736],[-51.14954492349088,-23.388999556154793],[-51.1496854131426,-23.389189782739845],[-51.14988532995298,-23.389326518553784],[-51.15006635213591,-23.389494557062164],[-51.15008391624845,-23.389582251332435],[-51.15002786094026,-23.389780998139894],[-51.15002604832342,-23.389893770293035],[-51.15013106526953,-23.390090573066978],[-51.150212926174156,-23.39032620097505],[-51.150380135946634,-23.3906034935783],[-51.150621552839475,-23.390935589858053],[-51.15066283279914,-23.39100016026143],[-51.150730442335615,-23.39110591461689],[-51.15094864130488,-23.391470134135588],[-51.150997027258384,-23.39161485892557],[-51.15100602090652,-23.39169604766239],[-51.15101467344472,-23.391774154675854],[-51.15098388221765,-23.392003307653283],[-51.15083082750766,-23.392285419714757],[-51.15069886791622,-23.39229270649799],[-51.15060753089115,-23.39218181356301],[-51.15053482270834,-23.392050507984745],[-51.15050251966593,-23.391992171606073],[-51.150475024119714,-23.39197666496544],[-51.15044231991736,-23.39195821858167],[-51.15035696384636,-23.391988731881888],[-51.15033181248679,-23.392056777085752],[-51.150347446596285,-23.39215342302366],[-51.150394095392215,-23.392217819407442],[-51.15039042813709,-23.39243163798303],[-51.15040813434961,-23.39264463386438],[-51.15038101905042,-23.39269299088102],[-51.150245273633104,-23.39278441224786],[-51.15022398921192,-23.3928399231693],[-51.15024155590198,-23.39292940771524],[-51.15033671479011,-23.39298659704583],[-51.150521090561774,-23.39299536951826],[-51.1506204199454,-23.393040747658585],[-51.150785551514346,-23.393192740812236],[-51.15090081139805,-23.39325707265346],[-51.15098228160891,-23.393291855859257],[-51.15104380689706,-23.393317792428206],[-51.15128838072527,-23.393358727346154],[-51.15170277553352,-23.393598981386127],[-51.151839265697255,-23.39397043289597],[-51.15194220496641,-23.394041933651415],[-51.15234011753793,-23.394100616648256],[-51.152450852584195,-23.394200750316376],[-51.15251363420285,-23.394339519550886],[-51.152492529858684,-23.394552553888666],[-51.15239012808017,-23.39480173704587],[-51.1524232514868,-23.394916266326298],[-51.152723089044336,-23.3952334745301],[-51.1530937743604,-23.39523848116432],[-51.15323356119924,-23.395284885693417],[-51.15334425668382,-23.39534921837051],[-51.15340253972853,-23.39540286130115],[-51.153520268562815,-23.395462566585486],[-51.15362518957903,-23.395564495439928],[-51.153731985532545,-23.395612721366934],[-51.153873656841554,-23.395610790749153],[-51.15393182947244,-23.395567773574626],[-51.15393628977542,-23.395523380260823],[-51.15396921594055,-23.395505776900876],[-51.15394334209318,-23.3954532006821],[-51.15398598618729,-23.395408408442545],[-51.15416450413443,-23.395383172331076],[-51.15440894669546,-23.395305959335943],[-51.15450087722481,-23.395230426942895],[-51.1545834459548,-23.395162586294663],[-51.15463557040263,-23.39503050522586],[-51.154696197705526,-23.394876877507507],[-51.154705574801135,-23.394725756552265],[-51.15456364894165,-23.39450751490611],[-51.154487084204064,-23.39433874446511],[-51.15443134174485,-23.394215872529685],[-51.15434352662303,-23.394155877337006],[-51.15429444894321,-23.394073542362673],[-51.154211301088864,-23.39393404600611],[-51.1541645494209,-23.39378373015389],[-51.15417697501504,-23.39355015773978],[-51.15421437004086,-23.39332708320108],[-51.154246997645316,-23.393004836720763],[-51.15435312384132,-23.392476675165828],[-51.15457587305453,-23.391986743228774],[-51.154581458771766,-23.391634813905856],[-51.154637391674626,-23.39133582582814],[-51.15461213759103,-23.391241707325374],[-51.154538269786144,-23.391136167704563],[-51.15434401187716,-23.39097167849863],[-51.15413108240081,-23.390895224772702],[-51.15361536380365,-23.390685197108937],[-51.153558975894526,-23.390590380048135],[-51.1535937591551,-23.39046146427505],[-51.15365938454772,-23.39038516779481],[-51.153688416073386,-23.390317118235842],[-51.1536689141075,-23.390234796398573],[-51.153560043656014,-23.3900666406727],[-51.153559924554465,-23.389972655370652],[-51.153645587392525,-23.389779690954448],[-51.15378067065974,-23.389549994064986],[-51.153926112694684,-23.38944195294031],[-51.15398616637035,-23.389350602019892],[-51.15398827407108,-23.38926404504567],[-51.153937706189666,-23.389167433841425],[-51.153860030291106,-23.389124549448002],[-51.15377253680701,-23.388981433902906],[-51.1537491455657,-23.38889195454032],[-51.153801472914935,-23.388831043386766],[-51.153974088953305,-23.38874233857353],[-51.154072968186476,-23.388661691395253],[-51.154214408321565,-23.388466439624278],[-51.154248766892636,-23.388357157274395],[-51.15430163426175,-23.388028624439396],[-51.15434417731342,-23.387897909566032],[-51.1543188266616,-23.387792323698484],[-51.154236874387436,-23.3876694828617],[-51.15412424846157,-23.387608733303786],[-51.153910523495774,-23.38738698090591],[-51.15385403137048,-23.38720087399898],[-51.15386314420645,-23.386852713181728],[-51.15394451373934,-23.386734491644635],[-51.154035638685855,-23.3866628001801],[-51.154105851785275,-23.38649954748889],[-51.15421415097724,-23.386296148062012],[-51.154283925386764,-23.38622089863686],[-51.1543400403169,-23.386081221371445],[-51.15442525268951,-23.385930775137744],[-51.15446004637246,-23.38581259930927],[-51.154520433992985,-23.385724019138987],[-51.15461519073386,-23.385437522137256],[-51.1546208118977,-23.38523781088813],[-51.15464401303886,-23.385164396770307],[-51.154731183716905,-23.38503005784122],[-51.154742542071396,-23.384784814667384],[-51.154791233917955,-23.384701172545032],[-51.15488822324639,-23.38466706462437],[-51.15535671025092,-23.384659181138314],[-51.155888593179235,-23.384868606377037],[-51.156097297660246,-23.38494537004797],[-51.15636199293668,-23.385224019718247],[-51.15643778186726,-23.385312954926043],[-51.15667084141455,-23.385473823938955],[-51.15693676617762,-23.38552904780819],[-51.15712596140024,-23.385622521716034],[-51.157199792258695,-23.385697627213318],[-51.15726581458639,-23.38573336124624],[-51.15742882216688,-23.385731408702284],[-51.157560753849666,-23.385708005066014],[-51.15764022333847,-23.38562737427155],[-51.157638132449215,-23.385500284139702],[-51.15746324294398,-23.385299976923825],[-51.157447635261455,-23.385230183046335],[-51.15750968115255,-23.385185370271785],[-51.157662253532266,-23.385202517397413],[-51.15775734646058,-23.38520600217272],[-51.15784464548404,-23.385182644219206],[-51.157955260481394,-23.38518432196624],[-51.158112479782865,-23.385211013626776],[-51.158388051913505,-23.385219684645367],[-51.15854359198285,-23.38526602159703],[-51.158657905784345,-23.3853142826976],[-51.15876852187722,-23.38531596077102],[-51.15889368782973,-23.385265360960986],[-51.15903371413454,-23.385189914274072],[-51.1591613300739,-23.385132625545733],[-51.159301051747256,-23.38513248418459],[-51.15947944113354,-23.38518144359142],[-51.1597766312902,-23.385246560699752],[-51.15989887115959,-23.38523211577599],[-51.160074287548724,-23.385072196180257],[-51.1602331333885,-23.384837541832315],[-51.16031455750322,-23.38477122675871],[-51.16046565989974,-23.384552689526053],[-51.160531580192306,-23.384504290905237],[-51.1606490955276,-23.384500249015115],[-51.16082380078556,-23.38454481974613],[-51.16102182145411,-23.38461263704317],[-51.161153751171796,-23.384587440045237],[-51.16128948506158,-23.384499589867442],[-51.16144273110404,-23.384451099873697],[-51.1615759136068,-23.384448870291898],[-51.16173502111369,-23.38443259640716],[-51.16188565962384,-23.384403943297045],[-51.16228102048235,-23.384331267883915],[-51.162482905339296,-23.384315111437974],[-51.16267881553078,-23.384243306942867],[-51.1629135826448,-23.384209050674468],[-51.16311530959293,-23.384133660706688],[-51.16328301469561,-23.38411373598999],[-51.16340341578498,-23.384183421630677],[-51.16347335516143,-23.384247788019213],[-51.163698506501845,-23.384285144160856],[-51.16399148850701,-23.38424903679878],[-51.16411738313628,-23.38405200200974],[-51.164284106223256,-23.383917575183208],[-51.16442464581801,-23.38390963292835],[-51.164539099807854,-23.383877291909947],[-51.164684458033186,-23.38372856714783],[-51.16473081645505,-23.38355488635811],[-51.16483984334084,-23.3834050127781],[-51.16492935559301,-23.383145398133383],[-51.16506750150947,-23.383005339629165],[-51.16509528957658,-23.382833726094663],[-51.1650311122653,-23.382723782041317],[-51.16501154557873,-23.38259313246768],[-51.1650386003161,-23.38250181208337],[-51.165199473548725,-23.382339683572862],[-51.16521294643091,-23.382246588971103],[-51.16510009617753,-23.38200505597381],[-51.16511357750842,-23.38192269977793],[-51.16533480962507,-23.38174429408585],[-51.16541810756823,-23.381627854860028],[-51.165520868856795,-23.38155793472957],[-51.165637256581476,-23.381522011090553],[-51.165647704082154,-23.381531034815946],[-51.165972066822675,-23.38173002991613],[-51.16704663451896,-23.382440123971318],[-51.16810941897644,-23.38313779561671],[-51.1683817648994,-23.383323773534663],[-51.1686610056851,-23.38351445694387],[-51.16894871825185,-23.383710919027855],[-51.168971951041975,-23.383726784746205],[-51.16933344536941,-23.383973634537988],[-51.17000972742259,-23.38439811295678],[-51.170113369923655,-23.384466025808866],[-51.17028100919896,-23.38457736813345],[-51.17045405825719,-23.384691712360887],[-51.17065606477208,-23.384825191872928],[-51.17103116679133,-23.385073045359732],[-51.17139392663951,-23.38531274203495],[-51.17184191385577,-23.38560874974617],[-51.17240708721308,-23.385982185941888],[-51.172576554367716,-23.385042517958464],[-51.17273243247005,-23.38417819160795],[-51.17275074790585,-23.38407663257325],[-51.17292901278327,-23.383088159937152],[-51.17322011742912,-23.381473958583676],[-51.17316354639622,-23.381455247078993],[-51.17309412641986,-23.381433099175513],[-51.17305743739501,-23.381438288574643],[-51.17299338724239,-23.38147304607923],[-51.172879542161176,-23.381475224251613],[-51.17279298728495,-23.38147913904476],[-51.172755081308715,-23.381489162362456],[-51.172713453899576,-23.38149693153523],[-51.17263226751556,-23.38149795066042],[-51.1725273308226,-23.38149533036018],[-51.17242501485749,-23.381481485427685],[-51.17236183137986,-23.38147527895515],[-51.17231609849688,-23.381453206672813],[-51.172280803078,-23.38143431332937],[-51.17224492658489,-23.381424642388566],[-51.17218726196381,-23.381403117057182],[-51.172132354223564,-23.381394686493508],[-51.17209041901339,-23.38139522674422],[-51.17206804697247,-23.381395712040472],[-51.17203273546623,-23.381367349383783],[-51.17198320082586,-23.381320121621187],[-51.171938256505875,-23.38127963914354],[-51.171904249744976,-23.38124011116064],[-51.17188280163315,-23.38119215333995],[-51.17183769260562,-23.38107623658122],[-51.17181496835913,-23.38105927953974],[-51.17176465053644,-23.381043527088185],[-51.17170256110558,-23.38104323394301],[-51.17166807945281,-23.381052756424353],[-51.17161322690409,-23.38108705071851],[-51.17157300862393,-23.381087186075188],[-51.17154167073004,-23.38106834151634],[-51.17147407618853,-23.381010423892185],[-51.1714093086919,-23.380944101563095],[-51.17134761506005,-23.380909122094224],[-51.171308745617296,-23.380893536709088],[-51.17127389896349,-23.38088553642092],[-51.17124129136762,-23.380868499787844],[-51.17120982103008,-23.380834079734857],[-51.171150655364436,-23.380774926965383],[-51.17109053056929,-23.38071866396985],[-51.17102173775881,-23.380660807977566],[-51.17096673555336,-23.38062116092349],[-51.17089079663632,-23.380580189005382],[-51.17095718366216,-23.380084632040315],[-51.1709835081351,-23.379910474442408],[-51.17098908151376,-23.37976981576074],[-51.17097790841046,-23.37967971402477],[-51.170939942833,-23.379513268593236],[-51.17078331708136,-23.37904687700915],[-51.170686273700454,-23.37871678217336],[-51.170651875239265,-23.37859979647981],[-51.170630934431344,-23.37846969104169],[-51.17063386055215,-23.378355275152703],[-51.17068094291583,-23.378160671340748],[-51.17079231800849,-23.377869561166136],[-51.17105689852276,-23.37737953244842],[-51.17119770651824,-23.377089517994698],[-51.17127582237992,-23.377166794594284],[-51.1713535947964,-23.377286641285526],[-51.17145129114126,-23.37752901662375],[-51.17153870247762,-23.37759873132063],[-51.17173669279445,-23.377646845065062],[-51.17187833771233,-23.377639529944858],[-51.172066390410144,-23.377592974948584],[-51.17226334828511,-23.377534870280417],[-51.17244360410568,-23.37737356926683],[-51.17257416517357,-23.377335437058317],[-51.17284189149563,-23.377290391147202],[-51.173123135396,-23.377195208489066],[-51.17325384137165,-23.37712129137951],[-51.17340126261472,-23.377079957485932],[-51.173669046436,-23.37707965951047],[-51.17383414539116,-23.377120054105013],[-51.17401454892071,-23.377156247420917],[-51.17410778724217,-23.377229534873404],[-51.174221060876874,-23.377358931831083],[-51.174325920848325,-23.37741609497339],[-51.1744831856914,-23.377482151286817],[-51.174650248262026,-23.377529231749474],[-51.17501215801696,-23.377724010183513],[-51.17522591308422,-23.37795468377525],[-51.17531526707997,-23.37802439417076],[-51.17544819469802,-23.37804029584046],[-51.175595626672965,-23.378006121219894],[-51.17577606122922,-23.377984438127204],[-51.175882641730595,-23.377873336368214],[-51.17592339382909,-23.37787507997506],[-51.176005056391325,-23.377998500620166],[-51.176057485122435,-23.37802529216406],[-51.17616419692237,-23.37801443180196],[-51.176313485248855,-23.377917602540567],[-51.17635413650923,-23.377842375187274],[-51.17641873398745,-23.377802454238683],[-51.17647298227802,-23.377737952639766],[-51.17651952714236,-23.37771821002276],[-51.17656396323433,-23.377571378391753],[-51.17662599533191,-23.377522977377076],[-51.17670746374003,-23.377499615494578],[-51.17677530413563,-23.377442257074733],[-51.17689419995918,-23.377384181489354],[-51.177012435759494,-23.37728380690019],[-51.17717735534872,-23.377269299294763],[-51.177380128993605,-23.377283421998044],[-51.177481080827874,-23.377319107917373],[-51.1775238528328,-23.37737992092105],[-51.17765789672367,-23.377494330465506],[-51.17772582739808,-23.377504993517036],[-51.17779567461849,-23.37749775369596],[-51.17788289574003,-23.37742247391013],[-51.178386186648204,-23.377400371553875],[-51.178508316529694,-23.377310730713727],[-51.17874834050242,-23.377191826440257],[-51.178912201121435,-23.377116884843257],[-51.17909689350981,-23.377017341378544],[-51.17951015033194,-23.37679280089701],[-51.17989997056186,-23.376564134719438],[-51.18011393816142,-23.376477250437222],[-51.180329248111676,-23.37641793208084],[-51.18075514629525,-23.376401195614378],[-51.1808618272465,-23.376368851652515],[-51.18102664657183,-23.37628094982248],[-51.181308011431504,-23.376280623964274],[-51.181375763976384,-23.376160614488455],[-51.18140306119944,-23.375994932352263],[-51.18147852974253,-23.37584090288661],[-51.18154636869334,-23.375785334545867],[-51.18157506504659,-23.375665018916532],[-51.18165697356758,-23.375550344020983],[-51.18167864016413,-23.375519781046812],[-51.18184098445264,-23.375322286732192],[-51.18208305961355,-23.375259231328332],[-51.18235672301062,-23.375202107728068],[-51.18251022661154,-23.375178682326826],[-51.18261212712902,-23.375168486210438],[-51.18267667587209,-23.37519243587817],[-51.18271186501618,-23.375250307056326],[-51.18271625537489,-23.375305843043396],[-51.182702992845336,-23.37537236930489],[-51.1826683413718,-23.37545768476142],[-51.18264629617412,-23.375584550770625],[-51.18263494046304,-23.37570661410363],[-51.18261273182996,-23.37577565474206],[-51.18261907911322,-23.375851848685723],[-51.182637860885634,-23.375918421532518],[-51.18270863373768,-23.375934807824656],[-51.18282216217081,-23.37593151725394],[-51.182994355219385,-23.37590030748918],[-51.183054495900365,-23.375882719458875],[-51.18311443255338,-23.375834149411777],[-51.183158271313914,-23.375751139162087],[-51.18322050518415,-23.37565897229847],[-51.18336978620737,-23.375493493768786],[-51.18349682509975,-23.37527521809841],[-51.18363183412195,-23.375061646377016],[-51.18370688348532,-23.37492947524649],[-51.183727694455776,-23.37480459598264],[-51.183827395489736,-23.374692632434343],[-51.18427590642414,-23.374666451981636],[-51.18469445352568,-23.374696128566704],[-51.184904414038336,-23.37467709193349],[-51.185093743496154,-23.37473964728336],[-51.18551424611837,-23.374784844349566],[-51.18570448356093,-23.374849848529063],[-51.185919977190075,-23.3748691029148],[-51.18610004943199,-23.37495876789885],[-51.186313615360966,-23.37527819099312],[-51.18649857791994,-23.375365680865688],[-51.18718366035865,-23.375804137495486],[-51.18755145047351,-23.376267901038574],[-51.18784958460592,-23.376531849262058],[-51.18845692736415,-23.376723340593525],[-51.18883175910658,-23.376902554559134],[-51.18902087862189,-23.376951554990825],[-51.18943953171533,-23.376981219603387],[-51.18964684037595,-23.3769532371558],[-51.19006326554581,-23.37699870961174],[-51.190464810312946,-23.376902200625928],[-51.19065382168439,-23.37680676185605],[-51.19084179413272,-23.37675338981222],[-51.191259815476975,-23.37675143399143],[-51.19146135763027,-23.376713007744392],[-51.19164324770259,-23.376633475446496],[-51.192052761587625,-23.37656847682631],[-51.192277720875076,-23.37656720775021],[-51.19258252254526,-23.37641982827538],[-51.192730848906564,-23.376348051101036],[-51.193360429524226,-23.376417370981624],[-51.19413716650054,-23.376247854441495],[-51.19433974655863,-23.376228452079104],[-51.19452194742198,-23.376162375195616],[-51.1946242693497,-23.376007332320928],[-51.1947608417743,-23.37545235670266],[-51.19477604803518,-23.375077468167632],[-51.19483274189919,-23.374701986873752],[-51.19482922598921,-23.374505704565696],[-51.194786678680224,-23.374316787571388],[-51.194896231861065,-23.373888578109447],[-51.1948906982397,-23.37331544135522],[-51.194827723293834,-23.372941734047114],[-51.194751142429,-23.37276469349337],[-51.19469316929067,-23.372397755516218],[-51.1946682720489,-23.37183168936659],[-51.19461594256017,-23.371643813283633],[-51.19461254141335,-23.371458821980617],[-51.19472166384047,-23.371004832889327],[-51.19473771827909,-23.370808255137913],[-51.19491980829824,-23.370604605548845],[-51.19510147245044,-23.37051151912355],[-51.19519075169186,-23.37049111064949],[-51.19677410340358,-23.371100604423976],[-51.20058921271047,-23.372543614898763],[-51.201598557511154,-23.372935039024114],[-51.20200783797506,-23.373083271632762],[-51.20318126085699,-23.3750238913261],[-51.203876795197424,-23.376144820719883],[-51.20410024115753,-23.376536217245086],[-51.205797756543966,-23.379422890751417],[-51.205841311862294,-23.379439124403042],[-51.2096399908603,-23.373934835733365],[-51.20995202506075,-23.374101515600426],[-51.2108801889275,-23.375127407724662],[-51.21120750375029,-23.37537736020279],[-51.21170804449802,-23.376014953526184],[-51.21189262907897,-23.37634612429224],[-51.212573157316314,-23.377064406243484],[-51.212765200979234,-23.377406675428798],[-51.21323436872547,-23.378058397717794],[-51.213358669098646,-23.378442311011586],[-51.21356060243893,-23.37878673355874],[-51.21370393124473,-23.37913656535532],[-51.213893424786285,-23.37947206088427],[-51.214126423596255,-23.37978220610766],[-51.21420569805658,-23.379972783512983],[-51.214576148263916,-23.380443165230854],[-51.21487753798549,-23.380745355852042],[-51.21492968724919,-23.38092287231928],[-51.21524532988084,-23.381202279541025],[-51.215577661619285,-23.381445112113973],[-51.21595255662398,-23.381642564106897],[-51.21614488972426,-23.38173208609702],[-51.21674505851105,-23.38192582738685],[-51.21717522422824,-23.381921346485377],[-51.21800255981434,-23.3818407053948],[-51.21884651061025,-23.381868161260446],[-51.219706916432315,-23.38172604073315],[-51.219924447130104,-23.38172492203771],[-51.220140388739125,-23.381768879763012],[-51.22056703216212,-23.381765117131007],[-51.220923931285846,-23.38154071515652],[-51.221069706005125,-23.381404291189767],[-51.22135624700218,-23.381122419681912],[-51.22171314216079,-23.38066276772914],[-51.22199251075762,-23.380130239554727],[-51.222193683233726,-23.37959249251128],[-51.22266250188006,-23.378948768141107],[-51.22281551229227,-23.378812424366725],[-51.223000077795795,-23.37870340444066],[-51.22331106877076,-23.37841950539767],[-51.22354683437461,-23.378091994607882],[-51.22393542620133,-23.377637170908027],[-51.22459587035367,-23.37713733328816],[-51.22486342512817,-23.37680552935432],[-51.22503102340949,-23.376676116915714],[-51.2255356853277,-23.376353273609414],[-51.22591431745803,-23.3761488531825],[-51.2265162271715,-23.37587654209513],[-51.22754924328515,-23.37553341604645],[-51.22814625029477,-23.37525875636117],[-51.22836707262717,-23.375186170418516],[-51.230244496866106,-23.374769167510745],[-51.23067753778054,-23.374743598575225],[-51.2309005576402,-23.374698195055473],[-51.23191220941158,-23.3742916603802],[-51.232276156083394,-23.37409167162128],[-51.232481960347236,-23.374050627237803],[-51.23505426572827,-23.374068552927916],[-51.23545802975345,-23.37403362138292],[-51.23587200527414,-23.373962811625336],[-51.236489846470754,-23.373807865907814],[-51.23694026025011,-23.373759850741397],[-51.23735919930439,-23.373675480994834],[-51.23845864373967,-23.373296773080508],[-51.238664350991556,-23.373257978969388],[-51.24024976869122,-23.37318590815807],[-51.24132471860325,-23.37328325497556],[-51.24285471711756,-23.37335296953626],[-51.24304746336981,-23.373397565842893],[-51.243422088649055,-23.3735904694456],[-51.24361946734286,-23.373653121952376],[-51.2440267983875,-23.373751398044906],[-51.24444678150737,-23.37381153420456],[-51.24486609719093,-23.373934810678296],[-51.245819841117715,-23.37441477084924],[-51.24602486997411,-23.374484253454405],[-51.245882054833174,-23.3657419514652],[-51.24630268613354,-23.36578326346712],[-51.24659351045484,-23.365811826570123],[-51.246828637133625,-23.365998310978046],[-51.24694638001053,-23.36644414342407],[-51.24725416433695,-23.367464942854774],[-51.24757199251385,-23.368485275781392],[-51.24763091667383,-23.368677395026392],[-51.247693822402674,-23.368876389253785],[-51.24788055051212,-23.36907805078461],[-51.24819412435821,-23.361343077799262],[-51.248535695928084,-23.355376245042077],[-51.24845133215695,-23.355411529003618],[-51.24835403900011,-23.355598033791033],[-51.248351975411495,-23.355803447046185],[-51.24816771071673,-23.355887655674614],[-51.24796303343162,-23.355569748118032],[-51.24778295911549,-23.355486929836708],[-51.247581905576375,-23.355539368258825],[-51.247283245258565,-23.35582121770817],[-51.2470680188336,-23.355828421722872],[-51.24689291345373,-23.355734304252735],[-51.246457312689245,-23.355292645572256],[-51.24635126708742,-23.355138258172186],[-51.24638016198292,-23.35494436489432],[-51.24636746882349,-23.35473930545412],[-51.246230508406136,-23.35475120420612],[-51.246001565750106,-23.354428634106064],[-51.24549877151837,-23.354099266968984],[-51.245382948342304,-23.353946972698125],[-51.24542888870107,-23.35376452472909],[-51.24532293089444,-23.353603361709684],[-51.24513029796884,-23.353551994793133],[-51.24493657985758,-23.353602249511546],[-51.24461117905893,-23.353387232185778],[-51.24399126036538,-23.353316993483837],[-51.24335786056459,-23.353301925980762],[-51.242955852767764,-23.353402277271233],[-51.24276068965043,-23.353357686095496],[-51.24265971259397,-23.353189737874057],[-51.242406772879235,-23.353061139598918],[-51.241872678652875,-23.352924899158324],[-51.24176882470217,-23.352898406849047],[-51.24149315933787,-23.352828087783063],[-51.241386701355054,-23.352801685049247],[-51.24117964976523,-23.352797645750954],[-51.24078253901765,-23.35290484628373],[-51.24058713267866,-23.35288735081902],[-51.24015627930597,-23.352456959081128],[-51.23996398055447,-23.352371800982414],[-51.23981874524174,-23.352235083425136],[-51.23959469797194,-23.351903553558255],[-51.23956682308566,-23.35152628915364],[-51.23960061081073,-23.35132796332384],[-51.23974623066646,-23.351189264661766],[-51.23972173779037,-23.350952095848733],[-51.23950710611431,-23.35090500114277],[-51.239301748085026,-23.35090097933122],[-51.23917556908875,-23.35086043245413],[-51.23910685094076,-23.35083831626222],[-51.238951732917684,-23.350699264372135],[-51.238702994140404,-23.350399205625198],[-51.23844160397827,-23.35051760461035],[-51.23812133822129,-23.350758551172927],[-51.237974079360455,-23.35091203603041],[-51.23795994593321,-23.35110599582754],[-51.2377122602065,-23.351176106787694],[-51.23729040529867,-23.351066363595155],[-51.237112871187165,-23.350974496064502],[-51.23702657019011,-23.35080218603489],[-51.23664385359566,-23.350695002295737],[-51.23643458574963,-23.35036136784335],[-51.23623428390014,-23.350339267477818],[-51.236052476876296,-23.350430324174273],[-51.23555730418397,-23.35079392618236],[-51.23543824522758,-23.350962208351497],[-51.23542419000906,-23.35114713573681],[-51.235515369013804,-23.3513127539992],[-51.235555111113904,-23.35149145711129],[-51.23518619351736,-23.35194194414331],[-51.235125584303496,-23.35213552275278],[-51.23512349239545,-23.352336419609216],[-51.23508252806578,-23.352518947536748],[-51.234709031535346,-23.352705316558595],[-51.234577728360996,-23.35286666281146],[-51.23452690141596,-23.35306031594318],[-51.23452489453386,-23.353254437904198],[-51.23444715467919,-23.353443434163495],[-51.2343256459649,-23.35361162969666],[-51.23412215581016,-23.35367082834664],[-51.233954584239974,-23.353793475877012],[-51.23379474593929,-23.354365503793158],[-51.23362001146965,-23.354476870423763],[-51.233409252072235,-23.3545201818424],[-51.23341660901156,-23.354754937347355],[-51.233784170064446,-23.354918429722833],[-51.233814037336444,-23.355101574114478],[-51.233731669295075,-23.355274677938546],[-51.233505838390364,-23.355595506281727],[-51.23330764290555,-23.35560727279672],[-51.23270031913552,-23.355464281298907],[-51.232504585560115,-23.355485168261378],[-51.232293341017474,-23.355812927699606],[-51.23226207329477,-23.35600447343839],[-51.23231403433936,-23.35617873299117],[-51.23244216433823,-23.35632659344074],[-51.23229382329745,-23.356483354414202],[-51.23208307600268,-23.35653569793219],[-51.23219137620789,-23.35670138296378],[-51.231921498988335,-23.356789312700837],[-51.23176386511181,-23.356666065245097],[-51.231568959054854,-23.356601135539268],[-51.23116556365606,-23.356593149553625],[-51.23077355324117,-23.35643619358187],[-51.230560687423974,-23.356452405322212],[-51.23039311297474,-23.35657730729184],[-51.23035257777632,-23.356956210451443],[-51.2301513465568,-23.357024434525396],[-51.22995644852459,-23.356964019294946],[-51.22996082197137,-23.35677675813134],[-51.230191798113594,-23.356426571008072],[-51.230024543087616,-23.356282922279778],[-51.22986674826023,-23.356405641401746],[-51.22970915012548,-23.356756443025056],[-51.22938834645149,-23.357024503099446],[-51.22925990591364,-23.35680765747736],[-51.22941994969436,-23.3565891245712],[-51.229438909451694,-23.356406449756864],[-51.229273932652156,-23.356278603708358],[-51.229069001440955,-23.356242952442294],[-51.228865995075004,-23.356245688295722],[-51.22868635814166,-23.356354707122417],[-51.22856483966397,-23.356522989433273],[-51.22838975683785,-23.356435624996948],[-51.22835490702807,-23.356252486823887],[-51.228249230334356,-23.356073245785772],[-51.22788494487991,-23.355591504314674],[-51.22770479650193,-23.35551543860659],[-51.22750432723113,-23.355513652501646],[-51.22739409394483,-23.355300452532553],[-51.22761249978555,-23.354977386354808],[-51.22764378151488,-23.354790267623454],[-51.2274711447314,-23.354700730646943],[-51.22706759782836,-23.354715226428947],[-51.22687497010938,-23.35466383791509],[-51.226641170868575,-23.35433447238235],[-51.22647620313486,-23.354208881552843],[-51.22627852724363,-23.35418008027333],[-51.226077638694136,-23.35421894230356],[-51.22552954941182,-23.35449858136639],[-51.225371666110334,-23.354628070869577],[-51.22519482390914,-23.354712332197163],[-51.22499385260319,-23.354760225049038],[-51.22479135168235,-23.35471327342011],[-51.224673195956285,-23.354556539965397],[-51.22451565005025,-23.354421903418302],[-51.224320664430294,-23.354363829814005],[-51.22405307094515,-23.35447206697607],[-51.22328993674898,-23.354870458209604],[-51.222721324007466,-23.355110432096723],[-51.22252582629203,-23.35509743162678],[-51.222180882585306,-23.354877697222722],[-51.22196312730558,-23.35489390330181],[-51.22179344610246,-23.354991700135727],[-51.22175406896503,-23.35525768724353],[-51.22154541888034,-23.355337112604563],[-51.2216718323261,-23.354694867567936],[-51.22206989936093,-23.354267224327398],[-51.22212238618035,-23.353892912908005],[-51.222375105084055,-23.35359726552742],[-51.222484572411005,-23.35341536523155],[-51.22256096654385,-23.35240925193854],[-51.22262640682593,-23.352226963361023],[-51.223160477250644,-23.35140546311195],[-51.2233110964858,-23.351262347235355],[-51.2235761535639,-23.35092829002675],[-51.22365879935419,-23.35073947266714],[-51.22370720664559,-23.350552510786553],[-51.22370913899553,-23.350362904498542],[-51.223462952889015,-23.350046921381168],[-51.22356566873707,-23.349808574572894],[-51.223754577946586,-23.349747060978963],[-51.22381521384929,-23.349560170994387],[-51.22394398707348,-23.349401095505623],[-51.223858290396436,-23.34917006361038],[-51.223646033029304,-23.349134326182238],[-51.2236380995076,-23.348953677525433],[-51.22372140652118,-23.348692595150816],[-51.22398958902102,-23.348767185618847],[-51.22420590593443,-23.348890899090662],[-51.2243029726337,-23.34872699178327],[-51.22438384269423,-23.34847259606535],[-51.22427074987643,-23.348297789791914],[-51.22438990723802,-23.348122830517934],[-51.224187503065146,-23.348069102211163],[-51.22422417568419,-23.34782786948915],[-51.22442961895137,-23.347827394490103],[-51.224460805886395,-23.34764036667238],[-51.2243016984969,-23.347428444717202],[-51.22446898523986,-23.347326637922393],[-51.22453686257756,-23.347142177046198],[-51.224343066748496,-23.347203608250453],[-51.22415678587702,-23.347021408409123],[-51.22411553170279,-23.346747948169824],[-51.22398001149761,-23.346615808601825],[-51.22378225333439,-23.346589263339624],[-51.22366174287716,-23.346423408939277],[-51.22382727478275,-23.346251002477274],[-51.22370432642238,-23.34608966808719],[-51.223602944505785,-23.345720815620673],[-51.22363676215692,-23.34552700850014],[-51.22389413537384,-23.345226744993326],[-51.22382514834483,-23.34504103472727],[-51.22381965300495,-23.344855865998248],[-51.223652592344195,-23.344698659426903],[-51.223677051565154,-23.344466385943665],[-51.22351951880599,-23.34433183754771],[-51.22345045006221,-23.344155161114312],[-51.22356436724618,-23.344007127322392],[-51.22376034871473,-23.343968186143837],[-51.22385470882587,-23.34359209759849],[-51.22381017614446,-23.343404365061314],[-51.223298874369014,-23.342727166937063],[-51.22324701318891,-23.342543871738545],[-51.222726953940686,-23.342243542110015],[-51.22260392033827,-23.342086722463932],[-51.22229104879803,-23.3418378567542],[-51.222118605491964,-23.34173476290892],[-51.22193341093731,-23.341669987801517],[-51.22191797494519,-23.34127029903184],[-51.22196437538045,-23.34103827372736],[-51.221978525623385,-23.340966935352416],[-51.22198229525583,-23.340900101095254],[-51.22197830939175,-23.340836860321723],[-51.22196789595799,-23.340796301511787],[-51.22194972999693,-23.34076052582695],[-51.221952269865525,-23.34073188126353],[-51.22196771941164,-23.340690093440408],[-51.222005145199255,-23.34064230545204],[-51.22201068239568,-23.34058422709235],[-51.22201593440012,-23.34048465148857],[-51.222025198634206,-23.34042416686972],[-51.221990955220406,-23.340380189423502],[-51.22201373681749,-23.34033494149482],[-51.22202014351381,-23.340299131883427],[-51.222008450756014,-23.340266928614696],[-51.222048516156036,-23.340230575373354],[-51.22205746566486,-23.340168507710345],[-51.22205445237618,-23.340095978715954],[-51.22204970527627,-23.34002323358017],[-51.22204421166496,-23.33997218769662],[-51.22205320976311,-23.33993876092978],[-51.22208422966225,-23.339927977599974],[-51.222181186853845,-23.339903972159725],[-51.222235468148575,-23.339882414646137],[-51.22232762971582,-23.33985946555608],[-51.22237413563812,-23.339828372946396],[-51.2224464317483,-23.33975189527153],[-51.22247672302628,-23.33959681326247],[-51.22247970700528,-23.33954181786025],[-51.22250188792925,-23.339520807182485],[-51.22256521866502,-23.33949684927365],[-51.22263373823731,-23.339482431855934],[-51.222694404850294,-23.33941193780321],[-51.222729323168636,-23.339411888149545],[-51.22283155935717,-23.339452317203637],[-51.22290988159267,-23.339468802100967],[-51.22296419845708,-23.339468725687748],[-51.22300686721502,-23.339462697731435],[-51.22306241751217,-23.3394268189964],[-51.22309469553577,-23.339394552272207],[-51.223125662364424,-23.339351547159445],[-51.223188931079996,-23.339290596198104],[-51.22325265729701,-23.339268696071642],[-51.223306923172146,-23.339237591220428],[-51.22341164205132,-23.339215962282225],[-51.223477376697936,-23.33917838150596],[-51.22350983880515,-23.339160926764787],[-51.22354635214184,-23.339113871380974],[-51.22357720288383,-23.339001652704237],[-51.22362618374642,-23.338903727264114],[-51.223766947751415,-23.33878299694256],[-51.22380210138769,-23.33874075713236],[-51.22383827675394,-23.338719225838897],[-51.223844759611445,-23.338714599801715],[-51.2239002806052,-23.338674982951265],[-51.2239494342364,-23.338680878980004],[-51.22400116329647,-23.338679611745253],[-51.2240641093395,-23.3386873921703],[-51.224125445954144,-23.33869445042558],[-51.22419777782621,-23.338702004186473],[-51.22423269096998,-23.338699567684657],[-51.22426501360182,-23.338693555102104],[-51.224315364267476,-23.33864216736522],[-51.22433857918724,-23.33860394706054],[-51.224356074340555,-23.338566891171144],[-51.22439143604216,-23.338504823471297],[-51.224453710790634,-23.338436259497403],[-51.22449115614791,-23.33840159855814],[-51.22455152131349,-23.338365633806916],[-51.224592101771535,-23.33834371121783],[-51.22465672880858,-23.3383221380316],[-51.224696785603285,-23.338301795136967],[-51.22474068791378,-23.338261157667382],[-51.22479358950433,-23.338188287421175],[-51.22483233292212,-23.338156011058853],[-51.224863616244185,-23.33811265737573],[-51.22488094371146,-23.338079549996806],[-51.22488292705607,-23.338075759607406],[-51.22488300800133,-23.338075612253103],[-51.22488333860414,-23.338075007469957],[-51.22488398503587,-23.338073738306985],[-51.22488485899695,-23.338072232152424],[-51.224920292142684,-23.33801389215295],[-51.22492750520118,-23.338002018740475],[-51.2249315724469,-23.337995482935458],[-51.22493446965552,-23.337991228742773],[-51.22498044345578,-23.3379237412166],[-51.22502040794873,-23.337859167326677],[-51.225060954169294,-23.33779732868964],[-51.22507958443604,-23.337734550488566],[-51.22508942858072,-23.337674889557817],[-51.22511778782135,-23.33761995518682],[-51.22513065763051,-23.33758294108499],[-51.22515773971529,-23.337537556435795],[-51.22516279083172,-23.33746475393681],[-51.22515622117105,-23.337403902558115],[-51.22519364363428,-23.33733157653106],[-51.22524269619386,-23.33727780474042],[-51.22527365379144,-23.337230026168356],[-51.225309753998985,-23.337155049018634],[-51.22533221870505,-23.33708994920351],[-51.22535739445857,-23.337040162763564],[-51.22539518452282,-23.337006091869018],[-51.22549066749387,-23.336877071414925],[-51.22552666342612,-23.336812883393744],[-51.22562130838937,-23.336676686433123],[-51.22570315428879,-23.33658343725158],[-51.225733554763714,-23.336557540056493],[-51.225785187184044,-23.336500184592815],[-51.22587158336631,-23.33633394563087],[-51.225910325243426,-23.336220261680033],[-51.225924605408814,-23.33616827957808],[-51.22593998351585,-23.336084723702516],[-51.22598384231979,-23.336019024750307],[-51.22606259223303,-23.335937763942937],[-51.22609096484865,-23.33589118219679],[-51.22611106039848,-23.335809723281987],[-51.2261489305527,-23.335699635664604],[-51.226231737970956,-23.335596519858814],[-51.22629749988237,-23.3354818627643],[-51.226363698192806,-23.3353396344451],[-51.2263951443201,-23.33527700918031],[-51.22641616699804,-23.335218667074976],[-51.22642245494737,-23.33511364196906],[-51.22646750728926,-23.33497218306647],[-51.226528111146266,-23.334867080319533],[-51.226616179255224,-23.334781665922062],[-51.22666529204101,-23.334763694137713],[-51.22674508958152,-23.334699801952787],[-51.22679834047182,-23.33467280647828],[-51.22684515621374,-23.334630557220102],[-51.22690451508582,-23.334554097108633],[-51.22695738159634,-23.334462132178132],[-51.22700129210119,-23.33442746036185],[-51.227050338816895,-23.33437130238587],[-51.22707997756933,-23.334309204417227],[-51.22708930704675,-23.334266818825984],[-51.22717233201553,-23.334162001282277],[-51.22717447652513,-23.334159292784236],[-51.22721962622952,-23.334092400150983],[-51.22725235924722,-23.334025905808105],[-51.22728408939189,-23.333976551252956],[-51.22734116861786,-23.333919120520786],[-51.22734124770914,-23.333919036398964],[-51.22734243908302,-23.333917841408606],[-51.227343372647,-23.333916902426733],[-51.2273442102566,-23.33391591028933],[-51.22742349175331,-23.333820019049334],[-51.22750493708183,-23.333659322676557],[-51.227548801405895,-23.333597204858496],[-51.22757438832535,-23.333530673854522],[-51.227604256822545,-23.33346645269033],[-51.22761835976052,-23.333394831096477],[-51.2276428578725,-23.33335183447493],[-51.227712563157446,-23.33327655227714],[-51.22774400620786,-23.333259248087312],[-51.22781502190175,-23.33319470509781],[-51.227819680724956,-23.333189348067187],[-51.22787143757729,-23.333128233086317],[-51.227908882600545,-23.333094764583553],[-51.22796867420429,-23.33305366588367],[-51.22808503557891,-23.332916736642296],[-51.228229697312344,-23.332812704075348],[-51.22827910270997,-23.332761015627334],[-51.22836435897672,-23.33270480356258],[-51.228471746044534,-23.33260525218653],[-51.228522149969386,-23.332587278841977],[-51.228584166822586,-23.332553773427765],[-51.22860869510444,-23.33252867733799],[-51.228646163222194,-23.332508336307644],[-51.22866549740995,-23.332471314272023],[-51.2286755924616,-23.332324517535454],[-51.22871171830803,-23.33227553565649],[-51.228750463157866,-23.33224564664518],[-51.22879108031093,-23.332244352517094],[-51.228849294151786,-23.33225620100506],[-51.22889066307276,-23.332247785929297],[-51.228926815407256,-23.332214319071426],[-51.2289702173581,-23.332132497807745],[-51.22901205770154,-23.33206701141188],[-51.22901447422824,-23.331967959947402],[-51.229033814374056,-23.331934517640793],[-51.2290597291568,-23.331910345336844],[-51.22907893119494,-23.331905900113878],[-51.229445562771765,-23.331699607700834],[-51.22926820016628,-23.3311805004903],[-51.22919146001805,-23.330918937092466],[-51.22917483646151,-23.330757929798853],[-51.22914724408048,-23.330556681091156],[-51.22934171842398,-23.329565047091666],[-51.22957354848367,-23.328115425413248],[-51.229638594353,-23.327914040958834],[-51.22979625791201,-23.327702456069414],[-51.23008014071994,-23.32745649392809],[-51.230194892524835,-23.32733752759439],[-51.2302631144451,-23.327218630467662],[-51.23031740162885,-23.32695567980481],[-51.23040655981131,-23.326708706036108],[-51.23040977446376,-23.326321522480463],[-51.23037430458173,-23.326013265821757],[-51.23024551875996,-23.325619105839106],[-51.23010921098954,-23.325364770821047],[-51.229697004366564,-23.324949517766665],[-51.22878335817464,-23.324144231439817],[-51.22797068927079,-23.32336030220692],[-51.22755478521114,-23.323045428228326],[-51.22733319757737,-23.322859329830425],[-51.2272709284743,-23.32276621014243],[-51.22743365193632,-23.322579554939377],[-51.22748779771668,-23.322461171677368],[-51.22744859385927,-23.322235373964688],[-51.227397842310985,-23.322066952725606],[-51.22734699942168,-23.32184475707243],[-51.22716713447385,-23.321081414357753],[-51.227155263704816,-23.320948786032776],[-51.22712873836068,-23.320758821007328],[-51.22701189416977,-23.320530446500758],[-51.22691455110804,-23.320355819103764],[-51.22691420116344,-23.320149683128932],[-51.22701577233921,-23.31995684250163],[-51.22714656387254,-23.31982669747487],[-51.22733079846866,-23.319736805505478],[-51.227670366636104,-23.31968253713451],[-51.227745050551675,-23.319399066033007],[-51.22785759679856,-23.3185036982326],[-51.22791881999889,-23.317414667100017],[-51.227961870800314,-23.31697618075306],[-51.228009648736524,-23.31671740424044],[-51.22813913865475,-23.316426442420312],[-51.22813796990859,-23.31637718246464],[-51.22844491981759,-23.315985540827906],[-51.229226143478996,-23.314988752878367],[-51.229298586316446,-23.314913221067542],[-51.229234871762685,-23.31485015617398],[-51.22915966803215,-23.31477571829525],[-51.22841230927652,-23.314025498005204],[-51.22794717321112,-23.313545119748696],[-51.227215731871986,-23.312784344199788],[-51.226207048036855,-23.311734408577223],[-51.226142514800436,-23.31180371646074],[-51.226083155585265,-23.311970353293496],[-51.22606914678758,-23.31209687039621],[-51.22603449889449,-23.312253249777587],[-51.22599716205157,-23.312347578746095],[-51.22591783503387,-23.31242820548557],[-51.225744659370406,-23.312480961323697],[-51.22562666799704,-23.312485670299694],[-51.22554801783032,-23.312488806842335],[-51.225464373116665,-23.312492144739643],[-51.22539486845553,-23.312495164171306],[-51.225210176108796,-23.31250791960852],[-51.2251039414739,-23.31254613923796],[-51.22505760261305,-23.312578107763994],[-51.22504772058328,-23.312652002288527],[-51.22512381856706,-23.31274031384197],[-51.22518871155038,-23.312884616495474],[-51.2251992406978,-23.31297721622874],[-51.225177539403816,-23.313143123831118],[-51.22509361127134,-23.313213652402265],[-51.22504844232064,-23.313265030344134],[-51.225044415590375,-23.313393401042713],[-51.22505884627383,-23.313516297413596],[-51.225011110343864,-23.313579612577723],[-51.22491036100003,-23.31364300651049],[-51.22475920619441,-23.313719596764102],[-51.22464389565332,-23.313796571802946],[-51.22457034514536,-23.313901551685223],[-51.224503292812,-23.313997257037006],[-51.22447367920594,-23.314084068114237],[-51.22447264066048,-23.314235625933872],[-51.224498633703185,-23.31431434867952],[-51.22450267498769,-23.314411006345043],[-51.224472713691775,-23.314470205722866],[-51.22434873260375,-23.314559884378493],[-51.22427522615553,-23.314676939419336],[-51.22428307518812,-23.31473062870039],[-51.22428192305812,-23.314813438020547],[-51.22430527205386,-23.314857559908578],[-51.224329982136936,-23.31494225173692],[-51.224334038053804,-23.315020292286842],[-51.22431993422389,-23.315091913752866],[-51.22429027434131,-23.31513969128732],[-51.22427232638373,-23.315256034497306],[-51.22429828748226,-23.31531566508209],[-51.22432429065205,-23.315400355958783],[-51.22429072166313,-23.31543023741199],[-51.22421960358612,-23.315430339162088],[-51.224111084450634,-23.315487774660404],[-51.224067121366396,-23.31548783841614],[-51.224006378253804,-23.3155058260093],[-51.22397528641575,-23.315538507709896],[-51.22397535438911,-23.31557908221215],[-51.22404658155827,-23.315644614468745],[-51.22407384763985,-23.315711403711504],[-51.224060994607484,-23.315757963005026],[-51.224039068525215,-23.31579140845604],[-51.224030034208106,-23.315835255990272],[-51.224027853535695,-23.315879286131768],[-51.224023625479774,-23.315947665041637],[-51.22401303691317,-23.316022986800853],[-51.22399956505434,-23.31615497872814],[-51.22396203598667,-23.316230639781338],[-51.22394502580743,-23.31629398567577],[-51.223921454357814,-23.316352463101783],[-51.22391158982436,-23.316419231337125],[-51.223903735437,-23.316518244641145],[-51.223903358880996,-23.316643804389177],[-51.223841524105765,-23.316748495273757],[-51.2238249156016,-23.31678894183061],[-51.22381763907322,-23.316911846682178],[-51.22373100146216,-23.31698233772982],[-51.22369381774775,-23.317030807877835],[-51.22368548092963,-23.31713388671925],[-51.223667087745966,-23.317189194246122],[-51.22363695382669,-23.317242262070984],[-51.22359222112049,-23.317280174313012],[-51.22355489837681,-23.31730407386419],[-51.22354937354885,-23.31739260549685],[-51.22356860185805,-23.317485709573106],[-51.223561804389185,-23.317515076635424],[-51.223519237021485,-23.317561747812043],[-51.223496242501284,-23.31761453353199],[-51.223470420462334,-23.31781894278153],[-51.223452317261106,-23.317843041631978],[-51.22339693428281,-23.317858341247096],[-51.223368348512416,-23.317872246795577],[-51.223348617407716,-23.317917215169203],[-51.223338801309716,-23.317983939026817],[-51.22333871195277,-23.318051639043716],[-51.22288854726317,-23.31782455253716],[-51.222481218776615,-23.31762008587482],[-51.22203055337871,-23.317163392244066],[-51.22142176495766,-23.316546454237404],[-51.220817118211855,-23.315953071532668],[-51.22030527021653,-23.315456559116384],[-51.2193343340222,-23.3145050199226],[-51.218265653250135,-23.313519976111937],[-51.21751400486302,-23.31280627685171],[-51.21648372907024,-23.311912818303792],[-51.21625198378276,-23.311801492437557],[-51.21495983439721,-23.310627964577286],[-51.213902486708,-23.309658232598782],[-51.21309358946102,-23.308887171938604],[-51.212348164561895,-23.308187328826577],[-51.21203187583182,-23.308146297903537],[-51.21100172716657,-23.308291089206953],[-51.21057370994566,-23.30837422947141],[-51.210329006816515,-23.308344139144786],[-51.210178305884995,-23.30825308574322],[-51.20997302979187,-23.308087179740923],[-51.21014182798736,-23.307981788981888],[-51.210315945581556,-23.307814986022276],[-51.210467511967074,-23.307743408869765],[-51.21065996832656,-23.307570902731243],[-51.21075181323344,-23.307359811450837],[-51.210962352098456,-23.307057126984013],[-51.211031091071135,-23.306968320863902],[-51.21108847078053,-23.30693551867693],[-51.21116301968565,-23.306858322085915],[-51.21121232696417,-23.306775421669442],[-51.211257951801905,-23.30671407093417],[-51.21130766192251,-23.306660895012698],[-51.21137896942239,-23.30658430338449],[-51.21157996249892,-23.30637570929306],[-51.21162347250031,-23.306368696024467],[-51.211744037454714,-23.306264154507794],[-51.21184467296727,-23.306183974873264],[-51.21206867402279,-23.30600740466232],[-51.21218134655934,-23.305950163326603],[-51.21224815784171,-23.305897319864624],[-51.212393175585596,-23.305700293244165],[-51.2124386744085,-23.305652537079368],[-51.212565714625384,-23.305559233211216],[-51.212764345482874,-23.305436160334246],[-51.212777160038286,-23.305407191102955],[-51.21278474819245,-23.305351176772554],[-51.212822297535055,-23.305316890534648],[-51.212880592887636,-23.305279430812774],[-51.21290964090143,-23.30526076702034],[-51.213044917827574,-23.30515074133156],[-51.21317029331112,-23.305087339548283],[-51.21320877516952,-23.305055309310216],[-51.21337811060668,-23.30496086510567],[-51.2135375528271,-23.304856857347758],[-51.21365950279497,-23.304730951101508],[-51.213761261864086,-23.30466925214038],[-51.21382427366468,-23.3046569716008],[-51.213878546693486,-23.30465360051496],[-51.21395063388325,-23.304598309302076],[-51.21399488346301,-23.304538688568538],[-51.214057141455605,-23.30447892851906],[-51.21413318376746,-23.304450099576286],[-51.21420374243453,-23.304356511085338],[-51.21424877720316,-23.304325014526377],[-51.214366723750466,-23.304295315232906],[-51.21449631096815,-23.30420629792252],[-51.214682446462675,-23.304038886506667],[-51.214739148649,-23.303964918473692],[-51.214786436361415,-23.303935812434478],[-51.21484333076218,-23.303920694453996],[-51.21488543578442,-23.303892001070153],[-51.21493602831662,-23.303819847949345],[-51.21497166059477,-23.303749522836917],[-51.21505144404852,-23.303672630660465],[-51.21512050119348,-23.30362267527707],[-51.2152217880551,-23.30351338897759],[-51.21534471097543,-23.303353905116815],[-51.2155178500866,-23.30319454997186],[-51.215606084285064,-23.303146598646507],[-51.21568509286031,-23.30304812001508],[-51.2157438601803,-23.303012132774192],[-51.21585224840312,-23.30296907659549],[-51.21590463642955,-23.302919232335142],[-51.21599240251611,-23.302793551991837],[-51.21604013365756,-23.30267610167655],[-51.21627642637406,-23.302411919480566],[-51.21636427804843,-23.30233957900437],[-51.21646055236287,-23.302304985027714],[-51.21659730008282,-23.302140575239108],[-51.216671723285394,-23.302079950042657],[-51.216779904122255,-23.30201095508909],[-51.216882444813564,-23.301943718468106],[-51.21696067056286,-23.301889999066777],[-51.21699783112587,-23.301862073442525],[-51.217067282309166,-23.301850461076764],[-51.217112954965216,-23.30185139148424],[-51.217162168534415,-23.301834657349414],[-51.217224479187166,-23.301800542619162],[-51.21736426480971,-23.30174377488698],[-51.21742024573559,-23.301708920012437],[-51.217624707676215,-23.301659723297618],[-51.21774465812646,-23.301661408562303],[-51.217858209599406,-23.30166721266597],[-51.2179834223768,-23.301657417552175],[-51.2180665693848,-23.301639551993688],[-51.21811308252804,-23.301616182923276],[-51.218276959913354,-23.301597256473723],[-51.21834078872548,-23.301577385221186],[-51.218384152110204,-23.3015416442657],[-51.21843337345581,-23.30146994357421],[-51.21853601656636,-23.301438034015852],[-51.21863012464118,-23.301400566507603],[-51.21873125698743,-23.301377210522524],[-51.21887734483586,-23.30130510355779],[-51.21918732371674,-23.301223462515335],[-51.21937234895378,-23.301190234037858],[-51.219649571602446,-23.30108253327413],[-51.219900568064894,-23.300964887272787],[-51.22015875802275,-23.30082112523883],[-51.22037967133363,-23.300756228587737],[-51.220500445615166,-23.30069454370125],[-51.220578994978105,-23.300676502617666],[-51.220661475667086,-23.30067028926692],[-51.220702224320114,-23.300650719618762],[-51.22076570967418,-23.300571366092086],[-51.220840857220544,-23.30044764290574],[-51.22089860148368,-23.300415493323115],[-51.22095085302586,-23.30034396823482],[-51.22099963326107,-23.30030234653504],[-51.22104304699279,-23.300120178924484],[-51.22107395767905,-23.300065395931036],[-51.22112118202692,-23.300012639530305],[-51.221194822041376,-23.29992863122704],[-51.2212722938693,-23.29983296664537],[-51.22133938417329,-23.299716345532143],[-51.221364112008885,-23.29969228721404],[-51.2214321707988,-23.299644492072723],[-51.22148090218245,-23.29960314218606],[-51.22149435313442,-23.29949574452678],[-51.22151523081533,-23.299456983998322],[-51.22154848323198,-23.29942870781815],[-51.22159921396296,-23.299374097251363],[-51.22164100799095,-23.29931230988801],[-51.221680996190486,-23.299281507550017],[-51.22176487239952,-23.299173760987134],[-51.22181719615058,-23.299146361989354],[-51.221871612660735,-23.299142535390516],[-51.22190360035359,-23.29914782053979],[-51.2220151366964,-23.299119118218833],[-51.22205233588987,-23.29908257200001],[-51.22213178411219,-23.29907649676746],[-51.22218812310373,-23.299052570589474],[-51.222246447433115,-23.299016354812885],[-51.22228661668842,-23.29900166523231],[-51.22235998060228,-23.29889470015772],[-51.22237884854047,-23.298831983983945],[-51.2224249721259,-23.298795337401057],[-51.22246342151867,-23.298761496518793],[-51.22250872018654,-23.298718103387195],[-51.22253018123419,-23.29868107533851],[-51.222553029443915,-23.2986507839795],[-51.22258611333683,-23.29859023631542],[-51.22265192452348,-23.298528763267942],[-51.222686261588535,-23.29848908287712],[-51.22268714492703,-23.29848806088729],[-51.22270753593897,-23.29846449900948],[-51.22271156221385,-23.29845984668685],[-51.22273710698013,-23.298436284712793],[-51.222765706057366,-23.29840990730851],[-51.22277266921145,-23.298401801991083],[-51.222787608661605,-23.29838441381192],[-51.2228034929241,-23.298365924965875],[-51.22280785489586,-23.2983608467068],[-51.22280984213567,-23.298358533227265],[-51.22281123886742,-23.298356908905674],[-51.22287065707505,-23.298300162814662],[-51.222995434660646,-23.298180997486487],[-51.22313255878636,-23.29803852907536],[-51.22314864667942,-23.298021983818543],[-51.22328686632854,-23.297890983890532],[-51.22338025376621,-23.297770349904905],[-51.22340431102747,-23.29768246914322],[-51.22345206284985,-23.29764093937619],[-51.22356327470958,-23.2975653087778],[-51.22365772028587,-23.29746368860868],[-51.22367877084562,-23.297436477210574],[-51.22371924771919,-23.297385057504826],[-51.22378655354841,-23.297340835892534],[-51.223866157400494,-23.297311545506982],[-51.22391919938221,-23.297275744038714],[-51.22397523739554,-23.297218710585522],[-51.22400986812498,-23.297196575297207],[-51.22414373124455,-23.29712798662472],[-51.22421394537962,-23.297104896224226],[-51.2242978588571,-23.29709783975352],[-51.22435896115133,-23.29710367985065],[-51.224397718088994,-23.29711094118099],[-51.224428005460695,-23.297107895255117],[-51.224458775287154,-23.297099801862956],[-51.224464765217014,-23.297095771772504],[-51.22447700979957,-23.29708753506739],[-51.224507360925465,-23.297067119366073],[-51.22459441498673,-23.29702655462589],[-51.224616067095035,-23.297017629668417],[-51.22467552828402,-23.29699311730168],[-51.22476585011109,-23.296967460462298],[-51.22485068381149,-23.296931949145485],[-51.224905228791535,-23.29689925436874],[-51.2249637346696,-23.296861502605168],[-51.22503020460243,-23.296830617164378],[-51.22505846267745,-23.296811284713552],[-51.22508250000655,-23.296791961024898],[-51.22512152474599,-23.296773005145692],[-51.22517168182412,-23.296745082416532],[-51.22521121470985,-23.296728823056927],[-51.22524466283869,-23.296701488862762],[-51.22525625183304,-23.296692498778018],[-51.22528060180423,-23.29667361000345],[-51.225321759172544,-23.296648742487353],[-51.225350983390875,-23.296618393683726],[-51.22542835367812,-23.296577389839094],[-51.225496201340064,-23.296502443475344],[-51.225549748545426,-23.296467455512293],[-51.22557546900287,-23.29643377399],[-51.225613659086676,-23.296406515097733],[-51.22566123024755,-23.296364654308473],[-51.22570337558064,-23.2963377185069],[-51.225764893564275,-23.296311891168152],[-51.22588626261603,-23.29628777519689],[-51.22591328704519,-23.296271196742094],[-51.22594998938993,-23.296216600453956],[-51.22598891225284,-23.29615196793864],[-51.22602386293328,-23.296113503587456],[-51.22606477357617,-23.29607996630178],[-51.22612381523467,-23.296056437692215],[-51.226166411855,-23.296011372668882],[-51.226248804833865,-23.295991008944558],[-51.226280090148485,-23.295989567300868],[-51.22631135872885,-23.295981700459972],[-51.22635761325901,-23.29595257435985],[-51.22638376794535,-23.295935853453656],[-51.22642519693384,-23.295900116679306],[-51.22645133001582,-23.295871795538144],[-51.22646033393206,-23.29586322371421],[-51.226539823565716,-23.295787550089948],[-51.226598835024454,-23.295752087770783],[-51.226648393951976,-23.2957097613176],[-51.22670940670094,-23.295679802618],[-51.22676099835823,-23.295640178592393],[-51.2268699272269,-23.295532295510444],[-51.22690188668403,-23.29549306386655],[-51.226914457968,-23.295455633456445],[-51.22692029695682,-23.295407658558425],[-51.226937591158816,-23.295372282657347],[-51.22696632672553,-23.2953442259462],[-51.227047633493385,-23.295241904617168],[-51.227100035218264,-23.2951888146278],[-51.227129448351434,-23.29503453615129],[-51.22730456932375,-23.294829109148676],[-51.22748087848276,-23.29456935359325],[-51.22761939578227,-23.294377034798714],[-51.227725953844306,-23.29418202616879],[-51.22787626244894,-23.293916430091837],[-51.22798037258697,-23.29372057753756],[-51.22805651127598,-23.293591262463504],[-51.22807652424422,-23.293555158027665],[-51.22822830341258,-23.29340724309211],[-51.22824281863162,-23.29333565302518],[-51.228295580656265,-23.293192374212953],[-51.228454730252984,-23.292936542081282],[-51.22853796777108,-23.29280273783519],[-51.228585287180636,-23.29262048015222],[-51.228631423435125,-23.292533960184283],[-51.228731445242296,-23.292334951498027],[-51.22895889586671,-23.2921012405645],[-51.22913172523155,-23.29186231752587],[-51.22935803048132,-23.291659574828913],[-51.22947229227308,-23.291498599326548],[-51.22954328687855,-23.291414543070182],[-51.22963613251986,-23.291299219365897],[-51.22995206275614,-23.290937767346882],[-51.23001295441526,-23.290834485259648],[-51.230095195741264,-23.290750284893626],[-51.230251519281275,-23.29059023713866],[-51.23050658726622,-23.290329090640665],[-51.23076004359419,-23.290069592824103],[-51.23100785795033,-23.289870391382305],[-51.231245336342866,-23.289608344592516],[-51.23137895942428,-23.289172640030422],[-51.2314607798595,-23.288903222886148],[-51.2316033636171,-23.28878170832286],[-51.23207057667603,-23.28838863687539],[-51.232168901287245,-23.288359767151295],[-51.23222104339242,-23.288315879610064],[-51.23233027796974,-23.288263326100466],[-51.232438956557154,-23.28817220214853],[-51.23252011415756,-23.28805645864346],[-51.23253961704143,-23.287968808998553],[-51.23254865816933,-23.287881986027426],[-51.2325899169707,-23.2877934468867],[-51.23260045616231,-23.28772464446348],[-51.23262733822412,-23.28766531246286],[-51.23264935467442,-23.28761400993881],[-51.232698725769126,-23.28757896520203],[-51.23277081740184,-23.287537678314774],[-51.23280981458942,-23.287457261389516],[-51.23285192678248,-23.287370420030513],[-51.23287413644176,-23.287317273538253],[-51.23292511305838,-23.28719401212925],[-51.23295480122035,-23.287143607800328],[-51.23298783247228,-23.287103768995568],[-51.23302954313342,-23.28707850388843],[-51.233097958884635,-23.287058711072714],[-51.233123477873065,-23.287028818870557],[-51.23313941526502,-23.28699975297556],[-51.233157285760036,-23.286929630724348],[-51.23323608915753,-23.286810456869524],[-51.233298119340326,-23.28674577911728],[-51.23330966868024,-23.286700248835132],[-51.233323127360975,-23.286647191167617],[-51.23332018214772,-23.28654343993258],[-51.233322356015485,-23.286485139090836],[-51.23333853715248,-23.286438329157846],[-51.233354628194505,-23.286413329697933],[-51.233374064946766,-23.286400382597922],[-51.23340402392435,-23.286365290634034],[-51.233415794047005,-23.28632977316904],[-51.23341863893849,-23.286278912767283],[-51.23340674860744,-23.286220795441345],[-51.23340009399019,-23.286158348905765],[-51.23338359106507,-23.28608728321322],[-51.23338132731921,-23.28602276247492],[-51.23338065893697,-23.285975909850112],[-51.233393564267075,-23.285946533182685],[-51.23344162097364,-23.285887746746504],[-51.233452501390225,-23.285878134729394],[-51.23347911271713,-23.285854629027153],[-51.233487206329485,-23.28583048243196],[-51.23349592738701,-23.285804463250848],[-51.233511742632814,-23.285757073015137],[-51.2335306429621,-23.285685002553805],[-51.23455861127427,-23.285502273006635],[-51.23503856848724,-23.285417485791307],[-51.23517977804644,-23.285226262747436],[-51.235779535321456,-23.284375551440004],[-51.24171004818634,-23.27600918115978],[-51.247425331066324,-23.267945236980605],[-51.24742554883976,-23.26784978405894],[-51.2474255714383,-23.267842960433065],[-51.24745921461897,-23.267673995090707],[-51.24746160835666,-23.267661971898114],[-51.247553773111754,-23.267484778177234],[-51.247944231920115,-23.267039282671263],[-51.24802077204323,-23.266661488569337],[-51.248210411209804,-23.266324977500513],[-51.248240383451765,-23.265932080396716],[-51.24813202200464,-23.26533408085056],[-51.24804762654768,-23.26521768741612],[-51.24785372220932,-23.265150516500796],[-51.247676175437974,-23.265047096868663],[-51.24765992599247,-23.264666106956575],[-51.24757905772164,-23.264500387041785],[-51.247430520576735,-23.264380752144472],[-51.24669972076081,-23.263173363591775],[-51.24546590538146,-23.26161484108002],[-51.24506558648807,-23.261109158932417],[-51.244473020316875,-23.260406717332724],[-51.24435712904681,-23.260271647036273],[-51.24366278966242,-23.259545266619504],[-51.242691636025,-23.258764773752965],[-51.242341951634835,-23.258668841234098],[-51.241783658021205,-23.258422014336436],[-51.24167634313246,-23.25817409548834],[-51.241561755272826,-23.258001232900817],[-51.241364185933534,-23.258008582497098],[-51.24116994403333,-23.258072202925018],[-51.24097617165176,-23.258016404858953],[-51.24072690641231,-23.2578392994542],[-51.240652547598316,-23.25778646592404],[-51.240290472118275,-23.2575931700945],[-51.239476863235986,-23.25739432978011],[-51.2389823690988,-23.25721978947008],[-51.23888976140028,-23.257187102283307],[-51.238767344740516,-23.257090333496024],[-51.23857304094996,-23.256936730986126],[-51.237765363727995,-23.256082251256625],[-51.23665915805628,-23.255189192531304],[-51.23601158918354,-23.254418107733198],[-51.23572644105223,-23.25415377481152],[-51.235479317297994,-23.253830307852706],[-51.23491038555049,-23.253240757016254],[-51.23474209329952,-23.253103344111775],[-51.23448318841287,-23.2528048253948],[-51.23432977618002,-23.252678500539403],[-51.234154591547906,-23.252568196586946],[-51.233739852259426,-23.25243431047478],[-51.23312579871638,-23.251917626058436],[-51.23278988143077,-23.251685611184783],[-51.2326003563851,-23.251591315320933],[-51.23126273407721,-23.25115491458521],[-51.22957671876172,-23.249870168765412],[-51.22874548732837,-23.249246922412723],[-51.22839612657755,-23.24903424931005],[-51.22776559665901,-23.248522625074337],[-51.22719143790638,-23.24810296506273],[-51.226617428791606,-23.24776974959839],[-51.22523263093936,-23.24714963049527],[-51.224618188033894,-23.24677509301601],[-51.22437771327211,-23.246603717111597],[-51.22404683583492,-23.246270144666227],[-51.22345944673789,-23.245406962608605],[-51.22295296044623,-23.24445730770143],[-51.222527968524275,-23.24377825823805],[-51.22214082115575,-23.24334106103726],[-51.221951193656636,-23.243232298348097],[-51.21846553716306,-23.241888899618264],[-51.216683864368754,-23.24151125193241],[-51.21568635133298,-23.24136294548142],[-51.215400108031396,-23.241288181627915],[-51.215050300160684,-23.241196793878544],[-51.21475099328229,-23.241081941437002],[-51.214376670854975,-23.240880923513373],[-51.21346576099547,-23.240294648993714],[-51.213278534912284,-23.240214237391214],[-51.21297932319384,-23.240157011869123],[-51.21274252574052,-23.240191928630267],[-51.21248097469764,-23.240336270606875],[-51.211858600440294,-23.24090159211261],[-51.21151610122689,-23.24110367296773],[-51.21128548713423,-23.24115574306503],[-51.21098627329464,-23.24109860409614],[-51.21072423013212,-23.24093193318666],[-51.2106055193236,-23.240782323062053],[-51.210455353276494,-23.240396628064033],[-51.21036117997102,-23.239935883870093],[-51.21021094501249,-23.239567533193984],[-51.21006110601586,-23.239389147669044],[-51.209917533976956,-23.239279948312348],[-51.20969931628367,-23.239193793510843],[-51.209449971547826,-23.23920568756768],[-51.209256977282465,-23.239309645947017],[-51.2091946927866,-23.239361488721677],[-51.20898954372074,-23.239695806899547],[-51.20845576605448,-23.24117108505297],[-51.20818242836028,-23.24172436530052],[-51.20784016227294,-23.24208189800822],[-51.207603529430436,-23.242226290155344],[-51.207173628692836,-23.242365064463804],[-51.20687444032373,-23.2423884931559],[-51.206276003531634,-23.242331648588394],[-51.20568981418431,-23.242165392699302],[-51.20487255974676,-23.241694208399135],[-51.20420511873782,-23.241384067453435],[-51.203319516484264,-23.24102226467775],[-51.20282062822315,-23.240855886819972],[-51.20182302187265,-23.240632517342405],[-51.20112480738582,-23.240587342718207],[-51.20032710348099,-23.240622958645872],[-51.200115108238855,-23.240577158893462],[-51.19994654740235,-23.24042182381497],[-51.19976546446497,-23.24012829661377],[-51.19959076861455,-23.240053724257667],[-51.199472267795365,-23.240036531114757],[-51.19904234368835,-23.24009470678832],[-51.19840627598388,-23.239899673754106],[-51.19814451420476,-23.239911476133237],[-51.19760880927064,-23.24015983930739],[-51.19696964767314,-23.240252598226423],[-51.19681699282108,-23.24027564424511],[-51.196388140170654,-23.240800734978105],[-51.19619511975506,-23.240962218465405],[-51.19580266706868,-23.24111247647403],[-51.194892758802496,-23.241228781084434],[-51.19439437235069,-23.24140220234015],[-51.194269837721656,-23.241471459845062],[-51.194051928472014,-23.241661786272264],[-51.19335518666305,-23.242572733508204],[-51.19303148348153,-23.242884232659726],[-51.19276378851938,-23.243057275733268],[-51.19249441843345,-23.24315407985299],[-51.19204084202642,-23.243156080206106],[-51.19179137282217,-23.24308728055195],[-51.191230050261,-23.242799988429734],[-51.1908933044128,-23.24274276652524],[-51.190294969486104,-23.242755053847546],[-51.189958313831646,-23.242692139855038],[-51.18973374917902,-23.24260596409143],[-51.18942810663461,-23.242421966586623],[-51.18919736825582,-23.242324415741233],[-51.188704806148394,-23.242198273189707],[-51.188486450847506,-23.24207758159131],[-51.18802462770911,-23.24170371050619],[-51.18765042465005,-23.241491067053882],[-51.18731362731393,-23.241393548807277],[-51.186864780376574,-23.241348014244778],[-51.18664036581134,-23.24129643076195],[-51.18624119733985,-23.241124100470184],[-51.1860789468957,-23.240997557769926],[-51.185641944601436,-23.240468189857072],[-51.18553587781946,-23.240393430409807],[-51.1853550388974,-23.240324541222268],[-51.18518045389726,-23.240324747068456],[-51.18444531655292,-23.24057908160673],[-51.183448150369166,-23.24065504244537],[-51.18266320125197,-23.240944024637226],[-51.18210238764583,-23.241082882624312],[-51.18175340230269,-23.24107750548188],[-51.18150394994487,-23.241014471520604],[-51.18118582552059,-23.240842034704027],[-51.18089247805113,-23.240485291741273],[-51.180473695765464,-23.239604500020924],[-51.18029883297892,-23.239397298912298],[-51.180105416292456,-23.239276567847554],[-51.179850341939655,-23.23924596665087],[-51.1796441710944,-23.239236807115212],[-51.17941979594153,-23.239283133398175],[-51.17919542609979,-23.239260354910353],[-51.17913313554185,-23.239243172629934],[-51.178883534146486,-23.23906487173558],[-51.178783691903504,-23.23903616873272],[-51.1787339366169,-23.23903622623704],[-51.17843485852314,-23.239140266616378],[-51.17821040656075,-23.239128958001423],[-51.177886170815164,-23.23898542831202],[-51.177773906804916,-23.238950958418663],[-51.1776616724907,-23.23893961325877],[-51.177300250187386,-23.238986090500873],[-51.17692637623317,-23.239078649965844],[-51.17680172834947,-23.239067227836944],[-51.176658274460664,-23.239027100451576],[-51.17661458653713,-23.238958046912764],[-51.17655219779768,-23.23886588771778],[-51.176545737209224,-23.23871043546862],[-51.176439518521704,-23.238589600062284],[-51.176215135133525,-23.238555255802137],[-51.176090502965344,-23.238555395513032],[-51.17585361532424,-23.238526935388144],[-51.17572884012351,-23.238492478027695],[-51.17538592952606,-23.238343091581715],[-51.175142748756706,-23.238285820768947],[-51.17490591417659,-23.238297557551817],[-51.17454443984949,-23.238378624556614],[-51.1742952879829,-23.23846525887578],[-51.17392153288776,-23.238650039481822],[-51.17367240243656,-23.238753924291817],[-51.172974509781085,-23.23894484267039],[-51.17241362019282,-23.239026034738266],[-51.17196497964563,-23.239055342083443],[-51.17174057998391,-23.239084403229725],[-51.17162840582228,-23.239119032403377],[-51.17151635152169,-23.23917100500543],[-51.17140422782821,-23.239246012124017],[-51.17136692365117,-23.23927486854432],[-51.17136071163579,-23.23930938193382],[-51.171329551001804,-23.239326669219437],[-51.1712675039755,-23.23949954092592],[-51.17125525648818,-23.239706954379884],[-51.171224206059534,-23.23981068962324],[-51.17109347806679,-23.23993747670785],[-51.17091895223116,-23.23998382601083],[-51.17085673564118,-23.24002418149853],[-51.170881823752424,-23.240150889235366],[-51.171106230502566,-23.24020249528152],[-51.171218449736514,-23.240202373042568],[-51.17133069838268,-23.240225286112576],[-51.1714367571844,-23.24030005429642],[-51.17142442888111,-23.240444056062675],[-51.17127506657646,-23.24059968025076],[-51.17114427184879,-23.240674707527404],[-51.17101356504896,-23.240818838148815],[-51.1710074924075,-23.240962833066707],[-51.17120727727765,-23.24117579678701],[-51.171232292394805,-23.241244873976736],[-51.17118265160684,-23.241411950880497],[-51.17085259914273,-23.24168881461629],[-51.17075322823074,-23.241953864710222],[-51.1705725996542,-23.24204619805356],[-51.170510247747835,-23.242057828152706],[-51.17029844276351,-23.242155887697216],[-51.170298545152995,-23.24223655445045],[-51.170442198224286,-23.24243223720562],[-51.170616864108254,-23.24257025470433],[-51.17068551400615,-23.242668099398472],[-51.17072314426991,-23.242817828001616],[-51.17069827565115,-23.24286392404292],[-51.17064847976549,-23.24291004715594],[-51.170533157004435,-23.242931309014864],[-51.17045080939908,-23.2429008663537],[-51.17029679636646,-23.2427841445081],[-51.17007153283543,-23.2427538573875],[-51.169994743435666,-23.242789531066894],[-51.16993442813064,-23.242865836029424],[-51.16986321955338,-23.242985781916193],[-51.16975136966514,-23.2432796605584],[-51.16969538992494,-23.243383422394324],[-51.16957715507895,-23.243498722600442],[-51.16951477951769,-23.243493008700725],[-51.169396246275205,-23.24337218187993],[-51.16935866830269,-23.243262831952254],[-51.169302470196854,-23.243193788986975],[-51.169208426845344,-23.24319081902779],[-51.16912178087312,-23.243240051704625],[-51.16900985654703,-23.243476298457313],[-51.16894141777186,-23.243545475592878],[-51.16884787409359,-23.243551357360285],[-51.16872929788723,-23.243395934955707],[-51.16866483147952,-23.24335914895672],[-51.16859841942948,-23.243407637874792],[-51.16851322493424,-23.243523172820094],[-51.16843445044599,-23.24361349837161],[-51.168352147549776,-23.243618644238474],[-51.168313600452734,-23.24359330331402],[-51.1682254579098,-23.24338500313993],[-51.16819248289567,-23.243359655315082],[-51.16792876321744,-23.24329887336677],[-51.16789573741013,-23.243232876394817],[-51.167906526813745,-23.243105768557275],[-51.16798883803931,-23.243029440853224],[-51.16803272552709,-23.24294809564375],[-51.168021488370464,-23.242795628219476],[-51.16788953579294,-23.242729736098234],[-51.16776324420327,-23.242734929555898],[-51.16770828748021,-23.242719722215103],[-51.167686261151815,-23.242694363497012],[-51.16768618494407,-23.242633389865635],[-51.16776837514606,-23.242460407774743],[-51.16775185721574,-23.242384185685264],[-51.16758100575599,-23.242245256697114],[-51.167443735456274,-23.242147482869118],[-51.16737502539943,-23.242078453434345],[-51.16737491755758,-23.24199200636646],[-51.16748076806493,-23.24189975551008],[-51.167542990787744,-23.241784516592432],[-51.167536698605566,-23.241755706670002],[-51.167362028743995,-23.241611904504758],[-51.1672996408218,-23.24159471763996],[-51.16720599512685,-23.24143926748364],[-51.16714952622987,-23.24115135092256],[-51.16713048236366,-23.24085183119804],[-51.167105426342374,-23.240748157342868],[-51.16702413157507,-23.240540933999846],[-51.1669241663021,-23.240333638305177],[-51.16677425741124,-23.240132268004096],[-51.16633124895862,-23.239741059448335],[-51.16625623336478,-23.239550992004887],[-51.16625612636872,-23.239464635235613],[-51.16647382397116,-23.23915339350608],[-51.16647360959152,-23.238980589628397],[-51.16637371779876,-23.238830924935982],[-51.16609308499787,-23.238681543456508],[-51.1658934757612,-23.238601088301248],[-51.16559425172483,-23.238515045205503],[-51.16499565774399,-23.238383159476655],[-51.16457166257823,-23.238262650230748],[-51.16447814948541,-23.238210897863276],[-51.16431589572131,-23.23806129799856],[-51.16429703494867,-23.237905766892023],[-51.164533573282895,-23.237652139573388],[-51.164539064964245,-23.237586824153173],[-51.16451222518997,-23.237540963853956],[-51.16445103820953,-23.23746496877762],[-51.164390597514,-23.237439558534003],[-51.164022581358964,-23.237450150542337],[-51.163929151028846,-23.23746551405598],[-51.163878946253305,-23.237497272775293],[-51.16363587710756,-23.237526340914503],[-51.1634676492978,-23.237526515999356],[-51.16306232140533,-23.23740020291697],[-51.162725781383564,-23.2374121141968],[-51.16250133348236,-23.237400783116723],[-51.162264394811906,-23.23732614403604],[-51.162152199169235,-23.237262936556345],[-51.16184029486009,-23.237032912738535],[-51.16167814252355,-23.236963885711102],[-51.16144128820503,-23.2369583488993],[-51.16124188507168,-23.23704500087833],[-51.1611172957455,-23.237079725631997],[-51.16086790166353,-23.237051165373963],[-51.16068707182234,-23.236976464651576],[-51.16044387342577,-23.23681547138223],[-51.16014445590001,-23.23664297259623],[-51.159919899687665,-23.23653950068416],[-51.15969546897878,-23.23645906285901],[-51.159164827560815,-23.236327988161303],[-51.15908280935638,-23.236322469750345],[-51.15822430594945,-23.236264712193943],[-51.15748887520835,-23.236294265772475],[-51.15686569030574,-23.236433096298384],[-51.156516892462236,-23.23657752376948],[-51.15595613635774,-23.236773920020813],[-51.155731750202385,-23.23681443040423],[-51.15561963816697,-23.23682032177903],[-51.155507414975816,-23.236814652554553],[-51.15538275092883,-23.236785959204152],[-51.15526421850568,-23.236734226059138],[-51.155058400455204,-23.236601913814876],[-51.15486312120265,-23.236538241073145],[-51.15475917447014,-23.236504378814075],[-51.154547095481774,-23.236452738121827],[-51.15442247167773,-23.236458551517376],[-51.15431027542242,-23.236476005380275],[-51.15417957940849,-23.236556709390854],[-51.15399907217508,-23.23675850637187],[-51.15384954316711,-23.23686813465267],[-51.15365008775012,-23.2368279515961],[-51.15342556911862,-23.23675328610947],[-51.15331335927421,-23.236759176838],[-51.15322619299778,-23.236782296394022],[-51.15316389456389,-23.236839988645677],[-51.15300836412422,-23.23708782922745],[-51.15291497432602,-23.237139680098608],[-51.1527654237072,-23.237145606767516],[-51.15257827819547,-23.237099719498552],[-51.15247235530109,-23.23704797200298],[-51.15240365650844,-23.236978935015948],[-51.152048016476016,-23.236610636493637],[-51.15169252160607,-23.236455519452782],[-51.15156785869099,-23.23642682397201],[-51.15119381800209,-23.236381115186592],[-51.150448186642,-23.236381830777674],[-51.1501092889681,-23.23638215485232],[-51.1498723975084,-23.236342093075987],[-51.14976009771969,-23.2362672240405],[-51.149741363425385,-23.236209701595552],[-51.14974736870385,-23.235985041293695],[-51.14959144124802,-23.235881489165596],[-51.1493732144233,-23.235835627642555],[-51.14929213579487,-23.235795416809417],[-51.14929196919514,-23.235645647238552],[-51.14934801283551,-23.235587962452453],[-51.14940391544757,-23.23540363292724],[-51.14928534171113,-23.23531160560251],[-51.14907339098202,-23.23528299192631],[-51.148736836595454,-23.235277529586472],[-51.148487520640906,-23.2352259150243],[-51.14836274910943,-23.23518574498199],[-51.14813830109082,-23.235082255160254],[-51.14782647645906,-23.234898272365676],[-51.1476269027459,-23.234835138428544],[-51.14751476655593,-23.23481789915631],[-51.14717810939149,-23.234806743583334],[-51.146841493199446,-23.234743645689168],[-51.14661716134193,-23.234743855130905]]]]},"properties":{"slug":"londrina","name":"Londrina","developed_extent_km2_2024":106.95,"gva_csi_usd_million_2023":3530.053,"lud_2023_2024":33.007,"developed_land_value_usd_million_2024":18423.49,"lvy_2023_2024":0.1916}},{"type":"Feature","geometry":{"type":"GeometryCollection","geometries":[{"type":"Polygon","coordinates":[[[-51.5748334196973,-23.608207238303866],[-51.57888502926551,-23.604099908158283],[-51.582839869613885,-23.604574496478435],[-51.582429101588374,-23.605553539478024],[-51.581225774698375,-23.607293723062707],[-51.579426840436234,-23.606327950441102],[-51.57835198509809,-23.607953362155467],[-51.58182038798071,-23.609682859977433],[-51.58406832790229,-23.60920700076795],[-51.58428386208495,-23.608073010067095],[-51.585773517415845,-23.608224804195107],[-51.59180291609156,-23.608825489351087],[-51.5919139361905,-23.60813679420226],[-51.59039489710645,-23.60713884906457],[-51.59047394720336,-23.606259090495847],[-51.59012199134941,-23.60622321973664],[-51.590436799469565,-23.602200560182506],[-51.59113058780799,-23.601460966831077],[-51.588605782296135,-23.599166671996787],[-51.588156996590065,-23.598816332731175],[-51.587711871338634,-23.598581071777026],[-51.5867999664133,-23.598309709226108],[-51.58622916240321,-23.59823954533785],[-51.58531292743508,-23.598170683419305],[-51.58383952486624,-23.597975365834802],[-51.583352714822006,-23.597850683455405],[-51.58222730034628,-23.59739389997529],[-51.58145477320854,-23.596898055460635],[-51.580757717605685,-23.596297962940138],[-51.571754096608664,-23.586998415326146],[-51.57186991589277,-23.587362446137725],[-51.57049183500527,-23.586247024362898],[-51.57010433498424,-23.586583024919808],[-51.56943268648821,-23.58717100032148],[-51.56908587788551,-23.587925072324406],[-51.568637354101845,-23.58914553516918],[-51.56984055385766,-23.58883340319185],[-51.57051391866176,-23.589848859592106],[-51.57121233657807,-23.591801156133087],[-51.57110753370339,-23.59266193161286],[-51.57011019739982,-23.59249944906277],[-51.57007766642342,-23.5918138938002],[-51.56738591948532,-23.591795071513456],[-51.56734479363175,-23.593085736545262],[-51.57088592404673,-23.59348215253722],[-51.56922407805163,-23.598967743778644],[-51.56688738220752,-23.5979783197391],[-51.565608612582466,-23.599118157602383],[-51.56776505753388,-23.60005427618591],[-51.56870798609032,-23.599214380922547],[-51.5691038229513,-23.59936467539249],[-51.56835953873477,-23.601821320637313],[-51.57257161340228,-23.605908396025328],[-51.57203835714666,-23.60603752282816],[-51.57158810637142,-23.60606852893038],[-51.57140279988636,-23.60609313119523],[-51.57111549564785,-23.60622324001964],[-51.57089849100396,-23.606417614356534],[-51.57076731547,-23.606669030023728],[-51.57203686563684,-23.60715407548949],[-51.57220829659136,-23.607219572456405],[-51.57282848607274,-23.607452915708542],[-51.57277867046064,-23.60778744538394],[-51.57295523024862,-23.60813332114754],[-51.572659999677,-23.608827463078214],[-51.57340786772257,-23.609344492505684],[-51.57378180936685,-23.60885916787112],[-51.5739680888616,-23.60845818187129],[-51.57408945640832,-23.607927338951423],[-51.5748334196973,-23.608207238303866]]]},{"type":"Polygon","coordinates":[[[-51.5748334196973,-23.608207238303866],[-51.57888502926551,-23.604099908158283],[-51.582839869613885,-23.604574496478435],[-51.582429101588374,-23.605553539478024],[-51.581225774698375,-23.607293723062707],[-51.579426840436234,-23.606327950441102],[-51.57835198509809,-23.607953362155467],[-51.58182038798071,-23.609682859977433],[-51.58406832790229,-23.60920700076795],[-51.58428386208495,-23.608073010067095],[-51.585773517415845,-23.608224804195107],[-51.59180291609156,-23.608825489351087],[-51.5919139361905,-23.60813679420226],[-51.59039489710645,-23.60713884906457],[-51.59047394720336,-23.606259090495847],[-51.59012199134941,-23.60622321973664],[-51.590436799469565,-23.602200560182506],[-51.59113058780799,-23.601460966831077],[-51.588605782296135,-23.599166671996787],[-51.588156996590065,-23.598816332731175],[-51.587711871338634,-23.598581071777026],[-51.5867999664133,-23.598309709226108],[-51.58622916240321,-23.59823954533785],[-51.58531292743508,-23.598170683419305],[-51.58383952486624,-23.597975365834802],[-51.583352714822006,-23.597850683455405],[-51.58222730034628,-23.59739389997529],[-51.58145477320854,-23.596898055460635],[-51.580757717605685,-23.596297962940138],[-51.571754096608664,-23.586998415326146],[-51.57186991589277,-23.587362446137725],[-51.57049183500527,-23.586247024362898],[-51.57010433498424,-23.586583024919808],[-51.56943268648821,-23.58717100032148],[-51.56908587788551,-23.587925072324406],[-51.568637354101845,-23.58914553516918],[-51.56984055385766,-23.58883340319185],[-51.57051391866176,-23.589848859592106],[-51.57121233657807,-23.591801156133087],[-51.57110753370339,-23.59266193161286],[-51.57011019739982,-23.59249944906277],[-51.57007766642342,-23.5918138938002],[-51.56738591948532,-23.591795071513456],[-51.56734479363175,-23.593085736545262],[-51.57088592404673,-23.59348215253722],[-51.56922407805163,-23.598967743778644],[-51.56688738220752,-23.5979783197391],[-51.565608612582466,-23.599118157602383],[-51.56776505753388,-23.60005427618591],[-51.56870798609032,-23.599214380922547],[-51.5691038229513,-23.59936467539249],[-51.56835953873477,-23.601821320637313],[-51.57257161340228,-23.605908396025328],[-51.57203835714666,-23.60603752282816],[-51.57158810637142,-23.60606852893038],[-51.57140279988636,-23.60609313119523],[-51.57111549564785,-23.60622324001964],[-51.57089849100396,-23.606417614356534],[-51.57076731547,-23.606669030023728],[-51.57203686563684,-23.60715407548949],[-51.57220829659136,-23.607219572456405],[-51.57282848607274,-23.607452915708542],[-51.57277867046064,-23.60778744538394],[-51.57295523024862,-23.60813332114754],[-51.572659999677,-23.608827463078214],[-51.57340786772257,-23.609344492505684],[-51.57378180936685,-23.60885916787112],[-51.5739680888616,-23.60845818187129],[-51.57408945640832,-23.607927338951423],[-51.5748334196973,-23.608207238303866]]]}]},"properties":{"slug":"cambira","name":"Cambira","developed_extent_km2_2024":2.09,"gva_csi_usd_million_2023":28.42,"lud_2023_2024":13.598,"developed_land_value_usd_million_2024":159.25,"lvy_2023_2024":0.1785}},{"type":"Feature","geometry":{"type":"MultiPolygon","coordinates":[[[[-51.602969610231284,-23.601004015616116],[-51.604484306054225,-23.601005176697647],[-51.60632412652572,-23.600940843935096],[-51.610211305818076,-23.60098277765338],[-51.612330514335575,-23.60320367043914],[-51.61309842759081,-23.603829397850962],[-51.61380396738158,-23.604379155536265],[-51.613991645083786,-23.604721372182816],[-51.61409803968496,-23.605368763006677],[-51.61398028551436,-23.60672200983867],[-51.61381913549741,-23.607637203821398],[-51.61344909363894,-23.608095944772625],[-51.61293537822789,-23.608783892693122],[-51.61256474394166,-23.609513901842806],[-51.61252626844886,-23.609589681550272],[-51.6127059270333,-23.60950200972582],[-51.62299008906698,-23.608635411583016],[-51.62304224301622,-23.608609618470524],[-51.623214011270576,-23.60852466972381],[-51.625073981147736,-23.606226129193036],[-51.624994248651376,-23.605892118143288],[-51.62534834349096,-23.605622755962848],[-51.62602591764563,-23.605441401191822],[-51.62676895085594,-23.60543840350448],[-51.62754499888593,-23.60558412264402],[-51.62803100366653,-23.605879864253385],[-51.628420945011186,-23.606354617323664],[-51.62900415791656,-23.606709503070324],[-51.629587941627086,-23.60718346850349],[-51.629589789822006,-23.607570478752727],[-51.62988282252564,-23.608045620828147],[-51.63059683903032,-23.608727447341987],[-51.63121408519271,-23.609439435152993],[-51.63124952795689,-23.610094245541127],[-51.631188905200844,-23.610928069598447],[-51.63090156077669,-23.61164373370896],[-51.63096874092651,-23.612179331740382],[-51.63145575646628,-23.613702536948004],[-51.63147092401078,-23.613756367004623],[-51.633553855700285,-23.621148312395743],[-51.641520210579706,-23.62358872142169],[-51.642126021817944,-23.623548993580552],[-51.64252343062148,-23.6236481496383],[-51.64256603542555,-23.624261304618454],[-51.64259827881682,-23.624440237123505],[-51.642707829080464,-23.62481201520632],[-51.64289116374109,-23.625142769816524],[-51.643143944926685,-23.62543124508656],[-51.643314568209455,-23.625583689473984],[-51.646370549013845,-23.62771750539688],[-51.64655236318774,-23.627865618932752],[-51.64690249111506,-23.628316895832565],[-51.64829771669407,-23.630467187709716],[-51.64946653702133,-23.63200208471492],[-51.649518376916866,-23.632109026538384],[-51.649694560677496,-23.632937907514698],[-51.650361848187686,-23.635578934647537],[-51.650462469170094,-23.635815737637284],[-51.65092836194116,-23.636575234112634],[-51.65170919140692,-23.63784254044062],[-51.65185484622779,-23.638015863401286],[-51.652075593743675,-23.63822127006527],[-51.653082905348526,-23.63774254619185],[-51.65394942503373,-23.637563921421084],[-51.65389631038084,-23.637410740291955],[-51.65371724738508,-23.637181297613132],[-51.65333251447512,-23.63682332442972],[-51.6526496066692,-23.63570997687053],[-51.652640185444284,-23.635694263845874],[-51.65223808466003,-23.63503876458418],[-51.65161587565446,-23.632577308717035],[-51.65142110185194,-23.631660976028794],[-51.651354149941,-23.631466222043034],[-51.65121808986724,-23.631185544745147],[-51.651124736578105,-23.63103414003316],[-51.64996189745126,-23.629511433377697],[-51.64856476881774,-23.627358246966285],[-51.64806517460063,-23.62671121703006],[-51.65318909826221,-23.623935801059588],[-51.65325165022627,-23.623765468326887],[-51.653358900968264,-23.622987956726885],[-51.65346772419221,-23.62241089226077],[-51.653399209141305,-23.62214742798193],[-51.65378428462524,-23.62193551583192],[-51.65361890708032,-23.62110913115815],[-51.6531930560647,-23.620320956409127],[-51.65314500772934,-23.6202746827683],[-51.65187605939923,-23.619052609271773],[-51.65214161581969,-23.618290474709283],[-51.651798762914794,-23.617944494740133],[-51.65044802127878,-23.61710642441185],[-51.65060999795833,-23.615482092009504],[-51.65131077442369,-23.610535246110473],[-51.6515863355646,-23.610613601215395],[-51.65175176452853,-23.61003077248932],[-51.65215451674203,-23.610071722712718],[-51.652831682239835,-23.609992896757227],[-51.65387531874299,-23.61008099566048],[-51.65664220325631,-23.609588678601693],[-51.6570922036895,-23.609606591891144],[-51.65950840005424,-23.60434115972236],[-51.66013817751939,-23.60479401410701],[-51.6608680663504,-23.60501998101775],[-51.66146150080122,-23.605142320408724],[-51.66201294489712,-23.605335075193164],[-51.66222478094799,-23.605357584102762],[-51.66255325620217,-23.604997190902157],[-51.6630244406504,-23.60438645402451],[-51.66345304356607,-23.603729074046132],[-51.66386513651649,-23.60315760761349],[-51.66455237245651,-23.6022077722131],[-51.66508264590144,-23.60154759880422],[-51.66562153224788,-23.60239366055065],[-51.66569115282606,-23.602611231738777],[-51.66574355201414,-23.60291226217129],[-51.66582431396593,-23.602937908746828],[-51.66604227046035,-23.603007121389915],[-51.66621000648329,-23.6029785916082],[-51.66662089852545,-23.603012523717886],[-51.6670042711852,-23.60298282329449],[-51.667242466892546,-23.602858923444536],[-51.66752412993102,-23.602643710086994],[-51.66880846065742,-23.604183199528375],[-51.669323912369016,-23.603852571818393],[-51.671157966269405,-23.6060320681366],[-51.67336898174058,-23.604770497066063],[-51.67354164308753,-23.604343900964675],[-51.67499146156641,-23.602630071327518],[-51.67637357966116,-23.601381715257947],[-51.66897827229866,-23.58770454530119],[-51.66834619998522,-23.5879016214353],[-51.66799553442757,-23.58805555445624],[-51.6676229420029,-23.58796189006037],[-51.667292272856784,-23.58798236488057],[-51.667066028296446,-23.588211974197797],[-51.66640488180931,-23.58829102459264],[-51.66576411996314,-23.58831282517486],[-51.66508354753163,-23.588639644162757],[-51.66446489476738,-23.58894714215922],[-51.663970277443674,-23.58925410853582],[-51.66335181069724,-23.589599707821744],[-51.66285757114676,-23.589982881090698],[-51.66215602259234,-23.59025261821295],[-51.66143246162462,-23.59025570080213],[-51.660749960751126,-23.59020144479184],[-51.660170920802926,-23.590165801148654],[-51.659674002423664,-23.59001548634181],[-51.659197281401,-23.589769818961262],[-51.65849287542798,-23.589467954784155],[-51.657872016906964,-23.589337212675403],[-51.657065673048116,-23.589321573054708],[-51.65613633284132,-23.589516033539244],[-51.65476923450741,-23.58984814486],[-51.65450591181187,-23.58916015739185],[-51.65295918009985,-23.58424368972133],[-51.65298392641257,-23.584219438101005],[-51.653376959833466,-23.583834266422347],[-51.653725353916656,-23.58331417090389],[-51.65570729762928,-23.578108636942098],[-51.65584240750135,-23.577371331946974],[-51.653962323161295,-23.577639561500128],[-51.65179903656376,-23.577797502873764],[-51.65022257210984,-23.577974550507818],[-51.64929921696238,-23.578093766965452],[-51.648533535671866,-23.577925485577975],[-51.64729110787888,-23.577492439890825],[-51.645758825891306,-23.57696532412079],[-51.64524064982524,-23.576681676940712],[-51.644804509118885,-23.576264315428485],[-51.6445120454128,-23.575636771408064],[-51.64448746842611,-23.574836635432415],[-51.644359816996335,-23.574094086659375],[-51.64433598521711,-23.5734463747726],[-51.64416495614944,-23.572871605800866],[-51.642870320442846,-23.574177222286277],[-51.64025919990317,-23.576810379680737],[-51.640142412250164,-23.576499937898337],[-51.635886759829845,-23.579118316397324],[-51.63585570049137,-23.579125561160684],[-51.63428961750843,-23.57885139688875],[-51.63207721797894,-23.578938830611687],[-51.630991700436326,-23.579168573482423],[-51.62930078793979,-23.579901808131698],[-51.629308422379225,-23.579982029912426],[-51.628719694274785,-23.580193124441898],[-51.62762163134724,-23.581099874341866],[-51.61716430414046,-23.590547836749874],[-51.61609592035187,-23.591211524336924],[-51.61493772067466,-23.591626818207608],[-51.60933080827309,-23.59363714628016],[-51.599629612509396,-23.598026270801334],[-51.59963029513904,-23.598088676185565],[-51.599627841213675,-23.598560461804155],[-51.59961731765464,-23.600583325073163],[-51.599811125028204,-23.60088992415856],[-51.60057735407829,-23.601002152592113],[-51.602969610231284,-23.601004015616116]]]]},"properties":{"slug":"jandaia","name":"Jandaia do Sul","developed_extent_km2_2024":6.93,"gva_csi_usd_million_2023":108.47,"lud_2023_2024":15.652,"developed_land_value_usd_million_2024":609.39,"lvy_2023_2024":0.178}},{"type":"Feature","geometry":{"type":"Polygon","coordinates":[[[-51.4950784639095,-23.344533181954674],[-51.49007601020107,-23.350337419729975],[-51.48454712543345,-23.35532268000999],[-51.484018433989284,-23.35521592185012],[-51.48334557886611,-23.35582319972862],[-51.47693635881249,-23.3582636554684],[-51.474483841088045,-23.35915632600159],[-51.469018234645226,-23.365712562820438],[-51.46160208976127,-23.374270631080208],[-51.45750834712417,-23.378898426407563],[-51.45414628684127,-23.38295492529659],[-51.44669701333383,-23.370520112516566],[-51.44055720362298,-23.360332124875992],[-51.43493687469178,-23.36281878158462],[-51.433981013339455,-23.36171901700892],[-51.43317407075067,-23.360789975152777],[-51.432571329851385,-23.360645052524962],[-51.43106921008177,-23.359728737937772],[-51.430274808952156,-23.358942471743596],[-51.428567180747756,-23.35838212329767],[-51.426832176332375,-23.35779913378623],[-51.42564038162466,-23.356857997634528],[-51.42403383954103,-23.356365396716146],[-51.42249506570791,-23.356014593856003],[-51.419915286453225,-23.354862468184468],[-51.39655128807892,-23.359815520912925],[-51.39598315950031,-23.360392440866015],[-51.3959480810136,-23.3604368070112],[-51.395812889703116,-23.360673637132564],[-51.39554895166862,-23.361680641851827],[-51.39553033539189,-23.361731673210187],[-51.3954798466031,-23.361829481508575],[-51.395489372745935,-23.362268546823138],[-51.3954931942379,-23.36232261974963],[-51.39549085589875,-23.362376752503394],[-51.39546744038247,-23.362454162965903],[-51.39542625534935,-23.362526045938022],[-51.395355584098375,-23.362612434326063],[-51.395253673176164,-23.36271000119173],[-51.39518936467904,-23.362765481877588],[-51.39515175853729,-23.36280702422127],[-51.39509044768574,-23.362899468888685],[-51.395000333481356,-23.36300645420373],[-51.39494910409414,-23.363072518126454],[-51.39489172954722,-23.36316709267166],[-51.39484468121434,-23.363266356307296],[-51.39482538208511,-23.363317576280497],[-51.39480166046702,-23.363367120065654],[-51.39468177344279,-23.363544775896802],[-51.394356754839016,-23.364035623732775],[-51.39430032104017,-23.36412766557776],[-51.39425016962201,-23.364197549270543],[-51.394194615465594,-23.36429296535235],[-51.39417917876785,-23.364316720068636],[-51.39409646371623,-23.364358832840363],[-51.394049968233475,-23.364423676849956],[-51.3939777787668,-23.364523718930393],[-51.39388726839365,-23.364617157988505],[-51.3937932070216,-23.364725444245842],[-51.39370999620115,-23.364801922759273],[-51.39363508105412,-23.364885278773592],[-51.3935687401639,-23.36497442584739],[-51.39353158588137,-23.365048124628906],[-51.39347410680844,-23.365142383666374],[-51.393416959023305,-23.36520402863],[-51.39336206541763,-23.365386742845935],[-51.39332154606499,-23.365488295699095],[-51.39328153939451,-23.365560665625793],[-51.393208003091665,-23.365645001650652],[-51.39312854777236,-23.365724877621982],[-51.393034827793066,-23.365828960469536],[-51.39296849173406,-23.36591838006863],[-51.392895595842305,-23.366003025973342],[-51.39285472998949,-23.36604193563921],[-51.39279817239412,-23.366104206680724],[-51.39273479144156,-23.366228698860084],[-51.39272277861174,-23.366251071840956],[-51.39269787735475,-23.366300174749213],[-51.39265259543871,-23.366400145074483],[-51.3926339804389,-23.366451537389214],[-51.3926071118205,-23.366499756383536],[-51.39256614162652,-23.366546842799746],[-51.392538249479095,-23.366993952744508],[-51.39089524113833,-23.367125597436818],[-51.3893949439557,-23.36753563090036],[-51.38776206247053,-23.368293306565967],[-51.38713421879058,-23.368801888669616],[-51.386026589380755,-23.369745910352243],[-51.384338833934684,-23.37159989029477],[-51.383221162719586,-23.373110451050962],[-51.383537000236615,-23.373632088245607],[-51.383991851404666,-23.37411712922309],[-51.38447691921125,-23.37459655378456],[-51.3850306212554,-23.375060762702233],[-51.385772597740406,-23.375472461590906],[-51.38674228060709,-23.375895564462773],[-51.38846468312372,-23.377096151809585],[-51.38934168492871,-23.378199324669815],[-51.391276518234754,-23.379716664065853],[-51.386832591940006,-23.388670704763033],[-51.38964847717051,-23.39458529108557],[-51.39059601174508,-23.394657989564994],[-51.39038279868231,-23.396138012518726],[-51.404750819173366,-23.426257089430884],[-51.40366840520327,-23.426618402931403],[-51.40338532673132,-23.436656108387677],[-51.40496002733575,-23.44419531086104],[-51.40351719523869,-23.44465339666717],[-51.40843175400349,-23.455273451816705],[-51.408236224911406,-23.461067396554842],[-51.40894501183992,-23.460621670245096],[-51.408926636312025,-23.466480545179827],[-51.40826267361372,-23.468934676913477],[-51.40608358245957,-23.47020964846499],[-51.40845443859393,-23.47158844823538],[-51.41129277772812,-23.4732378644264],[-51.41547786471931,-23.473838286158795],[-51.418080943310585,-23.475118764549997],[-51.417378857210984,-23.47668168292071],[-51.41701221341221,-23.490286402466538],[-51.41590049289996,-23.492386590006443],[-51.41378814373995,-23.494151425492134],[-51.410363994212695,-23.49336211885669],[-51.40888590163195,-23.493228395204838],[-51.40882248264382,-23.49581462969478],[-51.40872337356335,-23.498515490908076],[-51.41109738764862,-23.50361155311534],[-51.412272392516336,-23.502626502133776],[-51.41523545412392,-23.503246947527046],[-51.415047152097365,-23.51041986653408],[-51.417750741623664,-23.50955109967467],[-51.41895937532743,-23.507678084904946],[-51.42108446003852,-23.506300558652917],[-51.42592066617848,-23.508747554036944],[-51.42841820611726,-23.510011242291466],[-51.428800577126346,-23.509914262882926],[-51.428019175718326,-23.508802501046656],[-51.428864762704045,-23.508198959235152],[-51.43001234178478,-23.508902061130723],[-51.430069250112304,-23.506331579993425],[-51.4322332442491,-23.504800583080996],[-51.43192604318921,-23.498145965830016],[-51.43315604704844,-23.496371419614146],[-51.43516461563962,-23.49546119825426],[-51.43442602408292,-23.49460658524379],[-51.43618374262643,-23.49105228762334],[-51.432792014727035,-23.48950360171475],[-51.430913227633134,-23.48861944707029],[-51.43429429139885,-23.48653723630399],[-51.436750799785536,-23.484754361031804],[-51.43556917878759,-23.48412826802746],[-51.43620926403599,-23.478506414331825],[-51.43813479397177,-23.470597203671844],[-51.44179500820586,-23.470094413268274],[-51.44581904877088,-23.468947096936606],[-51.452481810052255,-23.465939343495698],[-51.454592131323835,-23.466837472249185],[-51.456443736482576,-23.46857592001134],[-51.458170095929674,-23.46513589789313],[-51.46166858017175,-23.4571331645782],[-51.46811687098839,-23.459963951764088],[-51.468927718386446,-23.457841900226313],[-51.4718463518262,-23.4576391427038],[-51.474677582513436,-23.456369522915242],[-51.4795301823136,-23.455138791082177],[-51.48530085325046,-23.45235296698929],[-51.48732763836916,-23.449776755440418],[-51.4863802907241,-23.448117643936342],[-51.48464539976529,-23.44637535069038],[-51.48959120072484,-23.44043391424969],[-51.491813643253494,-23.436278834155463],[-51.497635975062416,-23.43013818997428],[-51.496974222674716,-23.429870128840076],[-51.50170120509821,-23.421731979034504],[-51.50377874372231,-23.421932954405342],[-51.5146998638209,-23.404332497008145],[-51.51161142771029,-23.404279805276442],[-51.50900651832752,-23.402831476593462],[-51.50834168402918,-23.399472715108015],[-51.5067659564787,-23.397237733059672],[-51.50292721209028,-23.39609682875445],[-51.500788736066895,-23.394729203901246],[-51.498014585529134,-23.394145040818195],[-51.50420100713599,-23.384332525337282],[-51.508037004755224,-23.37172120541039],[-51.506503074530585,-23.368099015695634],[-51.50624814542434,-23.36746614405778],[-51.505686689159006,-23.366205366962113],[-51.50444945227108,-23.36353908596766],[-51.504080129050806,-23.36271657593249],[-51.50144480895199,-23.35981013231992],[-51.50052777515782,-23.358938223201317],[-51.49921861443124,-23.357938544130178],[-51.49800617106299,-23.356303328594848],[-51.49759636775986,-23.35525939006537],[-51.49733043677546,-23.354662792778083],[-51.4971055602641,-23.35245133639154],[-51.50606285984857,-23.35129398869582],[-51.500513320446075,-23.3422716112363],[-51.4950784639095,-23.344533181954674]]]},"properties":{"slug":"arapongas","name":"Arapongas","developed_extent_km2_2024":33.91,"gva_csi_usd_million_2023":678.706,"lud_2023_2024":20.015,"developed_land_value_usd_million_2024":3992.39,"lvy_2023_2024":0.17}},{"type":"Feature","geometry":{"type":"Polygon","coordinates":[[[-51.854043241125815,-23.4124020804132],[-51.8536762078488,-23.412354291291432],[-51.85346708453746,-23.41219782099207],[-51.85320070133017,-23.41212179187163],[-51.85308867791426,-23.411906943255072],[-51.8528371678085,-23.411622860745098],[-51.85267954558041,-23.411458381828677],[-51.85238376958663,-23.411326159035536],[-51.852176374716386,-23.411335180219414],[-51.85196033788071,-23.411355388893597],[-51.85167473001885,-23.411307469796476],[-51.85140175492846,-23.411221190907042],[-51.85112455053808,-23.41108233220066],[-51.850881346613235,-23.41100871088136],[-51.85041777753621,-23.411064791867577],[-51.850136902455404,-23.4109797306634],[-51.84977303365879,-23.41085286917869],[-51.8495535252786,-23.41085907139236],[-51.84906174719664,-23.41221618764085],[-51.84679352088833,-23.41131783952441],[-51.84534286305408,-23.414243281414162],[-51.851080389139426,-23.41998000715499],[-51.853276563540916,-23.422175687151757],[-51.84461750331977,-23.423809080919757],[-51.84464097647209,-23.423858739998085],[-51.84464068637974,-23.424070440785666],[-51.84475085990097,-23.424238396039538],[-51.84472810790085,-23.42453189704518],[-51.84476713418604,-23.424546037626488],[-51.845058872169716,-23.424849001322908],[-51.844993891892756,-23.42519141397978],[-51.84510949660347,-23.425485242081127],[-51.84557611802645,-23.426197223400816],[-51.84582613681816,-23.42651588396195],[-51.84597083087966,-23.42687989670637],[-51.84618579235771,-23.42734798617082],[-51.84626568057903,-23.427578255701793],[-51.84629781278843,-23.42792994353939],[-51.846392429201394,-23.428253383304273],[-51.84638664285748,-23.428539186145883],[-51.84634210875075,-23.429016295897412],[-51.84628760586613,-23.429271518732982],[-51.846284090277415,-23.4292958883761],[-51.84627310118161,-23.429359481303322],[-51.846262728028755,-23.42941219491505],[-51.846231524792174,-23.42951088820916],[-51.846215862924154,-23.42955238597902],[-51.84619260825209,-23.42960037406562],[-51.84615957571905,-23.429608519695442],[-51.84611769141832,-23.42961482550133],[-51.846065561234866,-23.429622948140945],[-51.846046425801354,-23.429639906380043],[-51.84602313744061,-23.429701225622246],[-51.8460725091306,-23.429731849099916],[-51.84611328285366,-23.429761904041552],[-51.846115977647166,-23.42980081840629],[-51.84604428667834,-23.429889823354095],[-51.84598803167291,-23.429985048388147],[-51.8459854050095,-23.430044522350602],[-51.846027515316116,-23.430069249955686],[-51.846175059624414,-23.430079054555577],[-51.846204288427884,-23.430111357886073],[-51.84620367491792,-23.43014722907774],[-51.84617064181279,-23.430224669880637],[-51.84610922023842,-23.43031849582671],[-51.84603688825145,-23.430393105613962],[-51.84592625963879,-23.43046548499262],[-51.84588477587846,-23.430516173138262],[-51.84587426339661,-23.430559332046112],[-51.84588948253953,-23.430655913092387],[-51.84589038124313,-23.430714084439625],[-51.84587468751296,-23.43075215001577],[-51.84584897115977,-23.430777905362124],[-51.845760823644106,-23.430820572530823],[-51.845741713018164,-23.430873930478555],[-51.8457897201844,-23.430957733660318],[-51.84579466807414,-23.431027697519625],[-51.845830947817134,-23.431092931166965],[-51.84586933199306,-23.43113336835738],[-51.84585998942918,-23.431289641537674],[-51.845797192392254,-23.43136755060513],[-51.845721030624176,-23.4314049682036],[-51.845626420886994,-23.431533775762027],[-51.845570415680974,-23.431660576746218],[-51.84554738971163,-23.431735533495797],[-51.845600873088344,-23.43185383812607],[-51.84557693997185,-23.431935456707883],[-51.84550723662266,-23.43202169395252],[-51.84541230513048,-23.432113858475184],[-51.84532945749019,-23.432237543096953],[-51.84526889455896,-23.4323203905511],[-51.84520471737222,-23.432386122085184],[-51.84511332235405,-23.432453997995726],[-51.84504356605239,-23.432470551773665],[-51.845005825646346,-23.432506623897325],[-51.8449578857563,-23.43257356812737],[-51.84487926933589,-23.432625206661317],[-51.844803382624356,-23.432636745270838],[-51.84467857530483,-23.4326439509963],[-51.84461691428303,-23.432677468897186],[-51.84457551652144,-23.432794262950498],[-51.84453175608309,-23.432878148293586],[-51.84450375737647,-23.43296555141561],[-51.84447592420221,-23.43302339042356],[-51.844401287454495,-23.43306685992784],[-51.84435685116098,-23.433260282708115],[-51.84434122837853,-23.433429840371307],[-51.84430356186903,-23.433591668040147],[-51.8442660058189,-23.433630646541133],[-51.84420453749459,-23.433677639663323],[-51.84416996721911,-23.43371511164289],[-51.84415566015597,-23.433746612897863],[-51.84414008502889,-23.433795778546482],[-51.844126138003226,-23.433831413811518],[-51.84408047697217,-23.433879694353116],[-51.8440766333449,-23.433928019778705],[-51.844121280803144,-23.434060796584937],[-51.84412419340348,-23.434177242548138],[-51.8441400019611,-23.43424190077736],[-51.84421835877917,-23.434343397456434],[-51.844242155871896,-23.434395836731962],[-51.84424544586304,-23.434451619612318],[-51.844239368504425,-23.434517985887084],[-51.844206634683616,-23.43455195238677],[-51.84411306321087,-23.434562583710036],[-51.844082421415244,-23.43460983464024],[-51.844107018590385,-23.43470363732766],[-51.84410854610288,-23.434797736359968],[-51.844119210361185,-23.434887784614975],[-51.84412043417974,-23.434997258516383],[-51.84412560564726,-23.43509960253368],[-51.84412653237005,-23.43518078930952],[-51.844158176297796,-23.43530364649352],[-51.84416468344811,-23.435398811517604],[-51.844188905844604,-23.435496608547083],[-51.84423070469163,-23.435767982837373],[-51.84434437102594,-23.435940281700265],[-51.84429717275625,-23.43615965964474],[-51.844244027058494,-23.43637665897552],[-51.84431170559019,-23.43668005779237],[-51.84421663897142,-23.4370427116484],[-51.8441953560683,-23.43722728376717],[-51.84433660279418,-23.43750654740336],[-51.84454599100296,-23.437774937515737],[-51.84460572344232,-23.438170950835747],[-51.84459483859522,-23.43842060780617],[-51.84468626095046,-23.43883381807614],[-51.84473005370104,-23.438916452873826],[-51.84474666124909,-23.43901887853476],[-51.84475635543762,-23.4390655229067],[-51.844763308732475,-23.439112182110588],[-51.84475842631257,-23.439298905537946],[-51.84480504573924,-23.439441182492125],[-51.84479754559261,-23.439539494263517],[-51.844779509506516,-23.439581953131416],[-51.84477093037799,-23.439725974000392],[-51.844788500800696,-23.43985064224338],[-51.84478344442342,-23.4405089233358],[-51.844783108172734,-23.440779251703614],[-51.844756785407185,-23.440942625749106],[-51.84476468896098,-23.441050969568973],[-51.844781637621026,-23.441164034465423],[-51.844800446722346,-23.44131412049248],[-51.84487320610896,-23.441564382341866],[-51.84496310838988,-23.441657966753283],[-51.844987506998656,-23.44182782159323],[-51.845138953031935,-23.442127342929556],[-51.8452758887371,-23.44230944237704],[-51.8453427848562,-23.44239338706569],[-51.84535022485424,-23.442453547075953],[-51.84538421723682,-23.44254175261132],[-51.84538242693575,-23.442605023705948],[-51.84545728879688,-23.442644008679398],[-51.845366125197636,-23.44284625554257],[-51.84548295852191,-23.442956567241403],[-51.845517272634055,-23.443283132525753],[-51.845457571422585,-23.443542293094094],[-51.845536567898726,-23.443669255946432],[-51.84570960391721,-23.44373675630496],[-51.84580680428391,-23.44385537375269],[-51.84589418376799,-23.44402425567798],[-51.84595278961637,-23.444239086154735],[-51.84595504472515,-23.44449947455291],[-51.84597880186374,-23.444703737160456],[-51.846017848134785,-23.44484458234385],[-51.84598833864554,-23.445017628542004],[-51.84591345032329,-23.445156309311013],[-51.84586977508695,-23.445306319166537],[-51.84579459825368,-23.445484147115238],[-51.84559981652582,-23.445718054275506],[-51.84544654736754,-23.446014528004195],[-51.84519952574113,-23.446335961968476],[-51.84510836567579,-23.446497643970766],[-51.84512643742824,-23.44667473177294],[-51.845174457327325,-23.446831968478538],[-51.845430061176444,-23.44694672935117],[-51.84610204496482,-23.44780165003891],[-51.84664050465463,-23.44848305824525],[-51.84687185840263,-23.448798076129044],[-51.84725688978985,-23.449312153288023],[-51.84747687424938,-23.44953569908502],[-51.84767358993521,-23.44984537591874],[-51.847985856673475,-23.45021635901554],[-51.84806658907503,-23.45047494676394],[-51.848288710164944,-23.45063396378851],[-51.84837017485568,-23.450675684257224],[-51.84849832611348,-23.45088435455443],[-51.84854948673373,-23.45103121183545],[-51.84865807774682,-23.4512335762295],[-51.84884147857421,-23.451361468613353],[-51.84886956874678,-23.451406386690238],[-51.84889277495356,-23.4514988409765],[-51.84896800612838,-23.45161915633205],[-51.849017096709886,-23.451680977201306],[-51.84908452703599,-23.451815190675475],[-51.849148464102065,-23.451908326506178],[-51.84924474903665,-23.451977261813163],[-51.84929929177239,-23.452025106850005],[-51.849452187225,-23.452235538384038],[-51.84993571822126,-23.452908878052916],[-51.850027612020995,-23.453117564684156],[-51.85054471329454,-23.45371658396966],[-51.850605982742145,-23.45380104449082],[-51.8506218893732,-23.45390013191432],[-51.850790385506976,-23.45419924572396],[-51.85104751810986,-23.454656373995487],[-51.851249763343965,-23.454920440721274],[-51.85131477779724,-23.45502233021801],[-51.851377777697316,-23.455075845834422],[-51.85147310409562,-23.455119953874753],[-51.85153436991565,-23.45522350040307],[-51.85159749007594,-23.455284900566813],[-51.851699518102436,-23.45545644363903],[-51.851799135782734,-23.455566599249412],[-51.8518898601387,-23.455644124077835],[-51.85201445790875,-23.455748841112154],[-51.85214079832863,-23.455899440408135],[-51.85224371489301,-23.455954489909555],[-51.85243317340201,-23.45617054436932],[-51.852577761885364,-23.456323673813717],[-51.85269741886701,-23.45647158225883],[-51.85282759358858,-23.456581758920162],[-51.8529007331379,-23.4566345410192],[-51.85296100938239,-23.456698060688815],[-51.85307976486878,-23.456857769169467],[-51.85312601910228,-23.456948389512462],[-51.853218025657,-23.457039301566798],[-51.853259711546386,-23.457139638625073],[-51.85342796358414,-23.457315253134805],[-51.854117298579844,-23.45805992852586],[-51.861344106207554,-23.463710352198454],[-51.86150030446087,-23.463876991576967],[-51.86115403332322,-23.464043407994748],[-51.86087961419991,-23.46410535589527],[-51.85253672117061,-23.464179386693168],[-51.85258304509282,-23.466557740634638],[-51.85286034586529,-23.480791401609448],[-51.8525365338351,-23.48160865532404],[-51.85259595307794,-23.481653133674676],[-51.85261459274681,-23.481838636361196],[-51.85260285229658,-23.481892506483103],[-51.852576458406794,-23.481954440473753],[-51.852555932963995,-23.482000207818075],[-51.85259694147152,-23.482081061807598],[-51.85263798042911,-23.48210267221912],[-51.852690763697034,-23.482132391779565],[-51.85272889300925,-23.482175574766842],[-51.85273473917606,-23.482264528915064],[-51.85278581760012,-23.4823286548854],[-51.85278260687934,-23.482390365428152],[-51.85287969986404,-23.482482927369155],[-51.85291736314107,-23.48256659960291],[-51.85291468734483,-23.48265011409754],[-51.8528824336292,-23.482704127185357],[-51.85292012287969,-23.482780255427368],[-51.8529175228006,-23.482841588686302],[-51.852917638776276,-23.482927376707725],[-51.85294456818955,-23.48303503172804],[-51.85292191932818,-23.483167069975025],[-51.85293077001054,-23.483326514426448],[-51.8529805117528,-23.48348693009578],[-51.85304099436207,-23.483665200882097],[-51.85305618174663,-23.483825062252112],[-51.85310758995576,-23.48398066803256],[-51.853132819486035,-23.484099694131697],[-51.88377723661505,-23.473777328630568],[-51.886087697252044,-23.47119422168946],[-51.884726416412555,-23.470200743920756],[-51.8906737283878,-23.4632508879756],[-51.89832956892134,-23.46423104330925],[-51.89802530132135,-23.46364221941779],[-51.90137797673091,-23.45688233737581],[-51.901145548065074,-23.45675859409183],[-51.90097766377464,-23.456599983231225],[-51.90084217877334,-23.456500734357466],[-51.90063037021033,-23.45629201244023],[-51.900402054576695,-23.45611778151051],[-51.90017326059198,-23.455923302495883],[-51.90009572769496,-23.45566841930457],[-51.89984421786017,-23.455464768417855],[-51.89968379952288,-23.455261584488305],[-51.89954022952651,-23.45518827673742],[-51.8992711035697,-23.454862438540616],[-51.89897501667963,-23.45457684069601],[-51.898890398067685,-23.45434369328748],[-51.89878678464345,-23.454228579640812],[-51.89867715370421,-23.454108315114716],[-51.89862828308371,-23.454078294009232],[-51.898550353429826,-23.454007389170776],[-51.898495179756296,-23.453958680283574],[-51.89845914354528,-23.453912489583313],[-51.89842056971115,-23.453871796115948],[-51.8983751632357,-23.453812426974224],[-51.89833737078543,-23.45378607143654],[-51.898295665278255,-23.453754229594885],[-51.89824578017962,-23.453727474878132],[-51.89820402332727,-23.45369961566481],[-51.898161869218946,-23.45367670935193],[-51.898123616699614,-23.45363717912807],[-51.89808377831049,-23.453602010707012],[-51.89806632643998,-23.453559189481588],[-51.898025601295515,-23.45351594310745],[-51.897997651054254,-23.4534842207209],[-51.8979648424054,-23.4534592282869],[-51.897903273232444,-23.453446287018625],[-51.89783583807812,-23.4534316543044],[-51.897814159144986,-23.453413633984788],[-51.8977999403367,-23.45338996074823],[-51.897786311882996,-23.453343550615248],[-51.89777356698985,-23.453295906998193],[-51.89776362710648,-23.45324625109239],[-51.89776790647824,-23.453217441302296],[-51.897765336928074,-23.453193601675473],[-51.89778457773851,-23.453176818165513],[-51.89777583314847,-23.45314742305139],[-51.89774773743163,-23.453136159704346],[-51.897708540961816,-23.453133639398075],[-51.89763163560623,-23.453083762688763],[-51.89760877088565,-23.453062659195727],[-51.89760431046703,-23.453042959126194],[-51.89761776178109,-23.4530052358465],[-51.89763572549578,-23.45298056453236],[-51.89762879283535,-23.45294547854448],[-51.89760604054854,-23.452923769236364],[-51.89757308828696,-23.452905018887027],[-51.89752549698138,-23.452888763472306],[-51.89747951004503,-23.452876671756137],[-51.89744663940647,-23.452870140764823],[-51.897412998733856,-23.452871210394854],[-51.897369515342646,-23.4528818928447],[-51.897330882724575,-23.45288616151956],[-51.89728806140861,-23.452870221827588],[-51.897257962237624,-23.452859322172305],[-51.897215417164205,-23.452858184880018],[-51.89716581935614,-23.452849239024562],[-51.89714571823433,-23.452837368687764],[-51.89713708936031,-23.452819426780373],[-51.89712706273911,-23.452748048539576],[-51.897110495236106,-23.45269694938474],[-51.89710367153295,-23.452654925902937],[-51.89707937648347,-23.452619307447417],[-51.89703957126975,-23.452603458730916],[-51.89695996619366,-23.45259284362729],[-51.89693065479624,-23.452574053238983],[-51.89690629000077,-23.452532302194662],[-51.896880223313424,-23.452502527880032],[-51.896871074181995,-23.45246683135971],[-51.89688408166506,-23.452427295187032],[-51.89690088501444,-23.452387213317728],[-51.896905474531366,-23.45234051772191],[-51.896891896035626,-23.45231013961632],[-51.89687783144497,-23.452270117760733],[-51.89687206000167,-23.452235881321542],[-51.89689119281331,-23.452169764784834],[-51.89692441342622,-23.452062885589488],[-51.89697572502918,-23.45195468302246],[-51.89696432866822,-23.451922549134437],[-51.89689616559049,-23.4518826305146],[-51.89685974504396,-23.451856195350054],[-51.89681299765606,-23.451789417856983],[-51.89676380247394,-23.45176029219427],[-51.89672645879219,-23.451729218774044],[-51.89666380839385,-23.451684905743527],[-51.89662423887772,-23.45164895949331],[-51.89660518700214,-23.451619759916426],[-51.89660024742423,-23.45159866164643],[-51.896594146579936,-23.4515607165972],[-51.89658701701226,-23.45152845880342],[-51.896534227674636,-23.45147433412093],[-51.896496349248736,-23.451440744592684],[-51.896466730917055,-23.451403846018277],[-51.8964208587634,-23.451347894051587],[-51.89639212800802,-23.451311947791016],[-51.89635463469076,-23.45125997609369],[-51.89629563375997,-23.45120091921627],[-51.89623982952924,-23.451160026065452],[-51.896180781290354,-23.451138922427056],[-51.89610372626837,-23.451147864405197],[-51.89605172273753,-23.45116097091588],[-51.89594082636827,-23.451205034327106],[-51.895907098797146,-23.45120767574955],[-51.89587288979545,-23.45119424235256],[-51.895852525625266,-23.451162042439478],[-51.8958299758881,-23.45113689036571],[-51.89573574461042,-23.451082605895024],[-51.89567492657515,-23.451041488412184],[-51.895633635681804,-23.45100993246553],[-51.89560611846866,-23.45097968843244],[-51.89559112005532,-23.45094919099137],[-51.89555739773655,-23.450913400573107],[-51.895509908495846,-23.45087293723908],[-51.8955121447578,-23.450844509543806],[-51.89552813464738,-23.450811666484565],[-51.89552213956689,-23.450753055666677],[-51.8954889008958,-23.450685893112606],[-51.895440926813784,-23.450609801731414],[-51.895373755786736,-23.450493229118],[-51.89530704195659,-23.45041236775219],[-51.8953277643513,-23.450383012044707],[-51.89535932757407,-23.45032640676244],[-51.89540525058955,-23.450239136446598],[-51.895406503606345,-23.450192649696106],[-51.895379789264005,-23.45013784205246],[-51.89535178485666,-23.450097737436412],[-51.89533765822798,-23.44990607437975],[-51.89539595119503,-23.44985154670807],[-51.895398220293714,-23.449794585632915],[-51.895361757718,-23.449686409381243],[-51.895340401945994,-23.44965518966654],[-51.89530900249976,-23.449629899505045],[-51.89525631380556,-23.449568873053252],[-51.89524089830451,-23.449533103971387],[-51.895232323333346,-23.44949548917355],[-51.895232569322516,-23.44945935926844],[-51.895252910080664,-23.449426997084608],[-51.89525901360171,-23.449388575486317],[-51.895247820575364,-23.449358915143893],[-51.89521337533415,-23.449327779536],[-51.895173331457435,-23.449312654263732],[-51.89511800099439,-23.449251823559898],[-51.89508170420479,-23.449182574799796],[-51.895087075817344,-23.44910802800467],[-51.89510551029871,-23.44906881309082],[-51.89513122821524,-23.44903551774602],[-51.895162971599426,-23.44896660037337],[-51.89517310563978,-23.44893050406604],[-51.895165914047915,-23.448894778117953],[-51.89515253717363,-23.44885628762217],[-51.89515233378586,-23.44881157955895],[-51.895133017210135,-23.44877800060224],[-51.895102351262594,-23.44874529875219],[-51.895039038716796,-23.44869119773414],[-51.89504550301786,-23.44861899398288],[-51.895045493465545,-23.44854493056921],[-51.89501828945253,-23.448517628253725],[-51.89497801856901,-23.448526891572275],[-51.894933985075625,-23.44852985381337],[-51.8949067719668,-23.4485011975805],[-51.89488276316372,-23.44842474183016],[-51.89486196612287,-23.448389364854798],[-51.89483865522867,-23.44835851846704],[-51.89482715030102,-23.4483219130933],[-51.89480907024629,-23.448281489510144],[-51.89478213920191,-23.448179734621444],[-51.89477749058432,-23.448143631869986],[-51.89476549866049,-23.44810739147949],[-51.89475938102906,-23.44807120772972],[-51.89476480872308,-23.447990429190916],[-51.894765121718784,-23.44794969239305],[-51.894747985663905,-23.447876448852163],[-51.89474390047819,-23.44783664050627],[-51.89472289425305,-23.447755651328052],[-51.89465309983459,-23.447625717341484],[-51.89462020622527,-23.44750930005241],[-51.89459549831595,-23.44738741732004],[-51.8945800696715,-23.447364021647786],[-51.89451869647771,-23.44733610309373],[-51.89446241742504,-23.447294154266363],[-51.89444920046732,-23.44725042401208],[-51.894401076428565,-23.447140145634943],[-51.894364648691266,-23.44710946466247],[-51.89432140062025,-23.447098151100025],[-51.89427947138916,-23.447079152467253],[-51.89424441323155,-23.44704846361702],[-51.89419507456407,-23.44696131495353],[-51.894178679296516,-23.446910647970338],[-51.89417533216325,-23.44682061638568],[-51.89415277044794,-23.446784797791164],[-51.894109037945526,-23.44674512625282],[-51.89407144477314,-23.44671580583307],[-51.8940461329652,-23.446678648123815],[-51.894030032689066,-23.446628160078042],[-51.89401142693903,-23.44658373806062],[-51.893965545266674,-23.4465010856848],[-51.8939465510639,-23.44644257540956],[-51.893939601936026,-23.446413712583123],[-51.893901196583215,-23.446380062143003],[-51.89389127074973,-23.44628708664288],[-51.89388013822585,-23.446232866856338],[-51.8938478043835,-23.446199633242163],[-51.893757887046704,-23.446148574375478],[-51.89369018462027,-23.446067400821413],[-51.89360339272822,-23.446015240983723],[-51.893580892425454,-23.445988363073226],[-51.89355693378369,-23.445948578143142],[-51.89351598928048,-23.44585758757985],[-51.89349620293362,-23.445826811107146],[-51.89343015688802,-23.445744273995526],[-51.893407586446145,-23.44570709957211],[-51.89336709156328,-23.445682944925434],[-51.893345856707974,-23.44556486183298],[-51.89328266282437,-23.445559958594536],[-51.893250839529586,-23.445515250830255],[-51.893240274764885,-23.445472768896195],[-51.89320169641905,-23.445457003326247],[-51.89317332468916,-23.445415888732985],[-51.89316546529832,-23.445324257091478],[-51.89307920301967,-23.445277964038386],[-51.893027078383625,-23.445271307394858],[-51.892973509274555,-23.445268362265455],[-51.89292114256728,-23.445269384475633],[-51.892858572419215,-23.445248164150794],[-51.89280143546155,-23.445200710751063],[-51.89269978160819,-23.445085572377902],[-51.89266671067927,-23.445034196707528],[-51.89264108848432,-23.445000274104515],[-51.89255336305007,-23.4448803934569],[-51.89241768404805,-23.444723296351512],[-51.89235656323001,-23.444602984349885],[-51.892331392700974,-23.444566322302673],[-51.8922933160592,-23.444537745742362],[-51.892251525064886,-23.44450564068981],[-51.89216108302338,-23.444402422871235],[-51.89213661803215,-23.44435418630272],[-51.89211235086941,-23.44421425388211],[-51.892093213061294,-23.444173546939638],[-51.8920093541568,-23.444162817088742],[-51.89189910610686,-23.444127815399387],[-51.891859215970975,-23.444088636065416],[-51.89182620959111,-23.444036726918064],[-51.89177946559001,-23.443987154348804],[-51.89171140082081,-23.443917136893532],[-51.89168363650742,-23.44386444897942],[-51.89165608536829,-23.443795238748756],[-51.89162750927892,-23.44370472792888],[-51.8915948137104,-23.44365957315663],[-51.89154576471624,-23.443619515722098],[-51.891504887731,-23.443584956559707],[-51.89144604345446,-23.443536735593042],[-51.891385997520274,-23.443488873727972],[-51.89131730470655,-23.44344190935828],[-51.89126421129555,-23.44340308526353],[-51.89122369928779,-23.443357387938587],[-51.89120078046148,-23.44331759576347],[-51.89116787738245,-23.44327211691342],[-51.891089502517055,-23.443235451323183],[-51.891089895443905,-23.44318894234418],[-51.891107582988525,-23.44313754747107],[-51.89111087192252,-23.443087869662246],[-51.89107165195894,-23.442991034511625],[-51.89103302965161,-23.44290433747467],[-51.890981798396915,-23.442789876465934],[-51.89095080542706,-23.442728480664844],[-51.89090603541559,-23.442651990028132],[-51.89082829264895,-23.44257812631121],[-51.89077662719816,-23.44248792682627],[-51.890743394854006,-23.44245607055857],[-51.89065601243842,-23.44240583533097],[-51.89060333595387,-23.44237508354651],[-51.89055728198569,-23.442285168997547],[-51.89052511449398,-23.442241284525885],[-51.89046025884183,-23.442194280693478],[-51.89040786882098,-23.44215074550403],[-51.89033821558294,-23.442084620371475],[-51.890314333166685,-23.44206472371748],[-51.890256250877776,-23.441989653726917],[-51.89020130694365,-23.44195503081419],[-51.89013843630061,-23.441894503098563],[-51.89011583152478,-23.441859271199792],[-51.890101002513084,-23.441809723815236],[-51.89009514052504,-23.44175885172926],[-51.89007277082992,-23.441722173303532],[-51.88999969324334,-23.441656131663766],[-51.88997432633771,-23.441619198438293],[-51.88987946051347,-23.441502411581368],[-51.88984727288069,-23.441465689737615],[-51.88982047946048,-23.441427690668387],[-51.88979758615519,-23.441394518838838],[-51.88976573287264,-23.44134354199432],[-51.88972407894259,-23.441216163820922],[-51.88967790174976,-23.44108868496135],[-51.88952509151674,-23.440949511722376],[-51.889325284770315,-23.44077826118252],[-51.889158472464366,-23.440598974196554],[-51.88890639245467,-23.440452534702544],[-51.88871021816211,-23.440325060605375],[-51.888486109810984,-23.440184883158896],[-51.88817148958485,-23.4400709437095],[-51.88754314096345,-23.439981783299736],[-51.88734866106187,-23.439949433981912],[-51.8872972982487,-23.439886455084793],[-51.887267444676496,-23.439772638936322],[-51.887223657495106,-23.439672801897032],[-51.88713110417884,-23.43962763405508],[-51.88696710870554,-23.439605722223924],[-51.886786322264996,-23.43957008788373],[-51.88665941843035,-23.43954247512413],[-51.886549969450485,-23.439526693989702],[-51.88645977337428,-23.439488521475806],[-51.88638880247194,-23.439459019208414],[-51.8863499411243,-23.439434346650543],[-51.88630587830759,-23.439391549444426],[-51.88624269697631,-23.43931172957821],[-51.88618698104612,-23.4392417568502],[-51.8861634592648,-23.43919503132122],[-51.88617594037717,-23.439077424863328],[-51.88620958467869,-23.438940730265454],[-51.8862000861263,-23.4386231850558],[-51.88614706143519,-23.4385031314591],[-51.88611645450499,-23.438421329156725],[-51.88608366072337,-23.438334535322873],[-51.886041151455636,-23.43820019599668],[-51.88598453647314,-23.438086314661668],[-51.88593511570568,-23.437947336656396],[-51.885892421802794,-23.4378513407696],[-51.88583880329824,-23.4377860347539],[-51.885772124226555,-23.437742317952615],[-51.885734123569236,-23.437718761255287],[-51.885698814389215,-23.43758069665147],[-51.885690953676125,-23.437444075035884],[-51.885689298248884,-23.43730436526673],[-51.885699268521606,-23.437155286184645],[-51.885730545782565,-23.43704236837363],[-51.88576968972626,-23.436914214361288],[-51.88576965625563,-23.436800498700073],[-51.88575308569001,-23.43673033164673],[-51.88572654507782,-23.436635787667754],[-51.885823420131686,-23.436593933825698],[-51.88545095293677,-23.436064772196957],[-51.88458784795436,-23.433796709236997],[-51.88674238962769,-23.432402098913506],[-51.886409060729164,-23.43138470611742],[-51.88495191593873,-23.42734208512138],[-51.8820239898404,-23.42563047725763],[-51.884180542845996,-23.4226382272278],[-51.87505512709502,-23.417042522480838],[-51.87261781114439,-23.415547788835237],[-51.87235851178845,-23.415247080711886],[-51.87225882489769,-23.41525848439112],[-51.87210628954817,-23.415255397867497],[-51.87200462377755,-23.415254583429757],[-51.87184728279493,-23.415258966197374],[-51.87175826615074,-23.41528127627805],[-51.8717214198661,-23.415272702369602],[-51.8717051411364,-23.41524099996512],[-51.87169598743203,-23.415191183011203],[-51.87164022060149,-23.415173429321587],[-51.87144930315277,-23.415175469945286],[-51.87125319217029,-23.41517641927958],[-51.8711809452606,-23.415158812432246],[-51.87111880636516,-23.415148455518],[-51.87101479530338,-23.415148195457327],[-51.87095855275493,-23.415135502333985],[-51.87091061494911,-23.415120577947764],[-51.87085284903596,-23.415106917776072],[-51.87070299246366,-23.415094376055382],[-51.87049407854849,-23.415092026694847],[-51.87043977295865,-23.41508665692245],[-51.87034642259126,-23.415067270459105],[-51.87022300550728,-23.415019499916983],[-51.87010079383417,-23.41497494713874],[-51.86999680787245,-23.41492611978166],[-51.86991542734733,-23.414911317193962],[-51.869852032166605,-23.414898898339118],[-51.869750445205334,-23.41488315228305],[-51.86966271732154,-23.414862920279766],[-51.86948256660908,-23.41486334497367],[-51.86934950935053,-23.414867996517284],[-51.86919697027831,-23.414889592796342],[-51.869018447021695,-23.41490857677474],[-51.86878925267851,-23.414964514933413],[-51.86855926537912,-23.41496663380509],[-51.86845294812264,-23.41498790914436],[-51.868269593840374,-23.415010542037514],[-51.8681057077072,-23.41506482457111],[-51.868019264967614,-23.415096041371275],[-51.86787505979084,-23.415138102720615],[-51.86776110935587,-23.415195593091266],[-51.86739280150486,-23.415192056468328],[-51.86728401809086,-23.4152134350375],[-51.867206617968556,-23.415243192132312],[-51.86712152247146,-23.415266426227248],[-51.86705305090142,-23.41529655821215],[-51.867013481658816,-23.415323676416776],[-51.86696498923639,-23.415336237782043],[-51.86692160690759,-23.415335439803695],[-51.86688430716473,-23.415324826836166],[-51.86683463888162,-23.41530262974633],[-51.86677435253246,-23.41529415762902],[-51.866723409948044,-23.415298703582327],[-51.86668035093219,-23.415312978877697],[-51.86663818307329,-23.415336497528397],[-51.86658742179051,-23.415343336670674],[-51.866531624424866,-23.415338840927202],[-51.86648932730213,-23.415340863961603],[-51.86638610891179,-23.41536767566787],[-51.86620647298581,-23.41541286662738],[-51.86615360616504,-23.415395320694362],[-51.86609797270562,-23.415373907037292],[-51.86604132194195,-23.415393179287015],[-51.86599481202048,-23.41545170446495],[-51.865941893514716,-23.415530126578055],[-51.86592224188983,-23.415581511747433],[-51.865922775260486,-23.415628873984218],[-51.865918233354556,-23.415660376297694],[-51.86586746743302,-23.415717660489342],[-51.865802886298894,-23.41577101986463],[-51.86573498180383,-23.415801147237083],[-51.865650932529036,-23.41581378873017],[-51.86558737307208,-23.415843829638376],[-51.86553377804886,-23.41586044820946],[-51.86546164037562,-23.415841681951267],[-51.86539781964003,-23.41583141336805],[-51.865369186947696,-23.415815720055697],[-51.86533485192698,-23.415789924833785],[-51.86528661877085,-23.415789731350827],[-51.86518216509514,-23.41580728996482],[-51.86500862433684,-23.415862950535896],[-51.86480226174967,-23.41586633312386],[-51.86471988376886,-23.415920946735536],[-51.86466536143857,-23.415959057411772],[-51.86454762505804,-23.415967305326156],[-51.86447076571163,-23.41597049459682],[-51.86441596757137,-23.416024919298028],[-51.86435211187517,-23.41608610429567],[-51.86426278073588,-23.41608591208108],[-51.864159381316654,-23.416101441823493],[-51.8640554670218,-23.4161147072037],[-51.86397088703168,-23.41615736462778],[-51.86391477914438,-23.416157846547225],[-51.86381810826004,-23.41613504131255],[-51.863737419343906,-23.416089450034278],[-51.8636829270296,-23.416038764102563],[-51.86363546999797,-23.415950076815292],[-51.863485305518786,-23.415819288915213],[-51.86342056014442,-23.4157556537476],[-51.863374247115935,-23.41571501172836],[-51.863331907059795,-23.415690840071246],[-51.86327848303283,-23.415681055104965],[-51.86321573221111,-23.41566232625006],[-51.863182432848646,-23.415646893159497],[-51.863148498501346,-23.415617915811932],[-51.86310375984442,-23.415592122472045],[-51.8630561717917,-23.415572171688677],[-51.86299960595052,-23.415547283676066],[-51.862960788644564,-23.41554727229954],[-51.862873913065165,-23.41558141609184],[-51.8628232866448,-23.415574388474724],[-51.86278564803634,-23.41549941121486],[-51.86274442074578,-23.415485314356093],[-51.8626819168294,-23.41550011053631],[-51.862594116616194,-23.41556072343183],[-51.862546492977906,-23.415588109909418],[-51.86249854847161,-23.41559317988343],[-51.86242163119136,-23.415593450079516],[-51.86235946969843,-23.41558105839746],[-51.86230923314974,-23.41555716489095],[-51.86223260923054,-23.41550891289932],[-51.86214224301122,-23.415477165820462],[-51.862080716304334,-23.415463035389788],[-51.862032122631184,-23.415438907817585],[-51.86191759750143,-23.41535072553024],[-51.86186147468545,-23.415312593090977],[-51.86180386674519,-23.41529736697102],[-51.861719589801524,-23.415299204803798],[-51.86166161235193,-23.415301123344015],[-51.86160891343585,-23.4152853814194],[-51.86150077291638,-23.4152171253027],[-51.86141798408511,-23.41515552984485],[-51.86134726364086,-23.41505906669484],[-51.86124392264403,-23.415041526395786],[-51.86115927434808,-23.414988992458166],[-51.86110682685909,-23.414930408989605],[-51.861047573020294,-23.414899773272293],[-51.86093313679009,-23.414817595413226],[-51.86079896114853,-23.414752173933984],[-51.8607047601706,-23.414720745200274],[-51.86063859415644,-23.414706378710438],[-51.86058918903214,-23.414705006973012],[-51.860537970819344,-23.414698722523976],[-51.86047771376184,-23.414671985094465],[-51.86039768790534,-23.414607537665262],[-51.86033299144309,-23.414585963186784],[-51.860242792134244,-23.41455413367124],[-51.86017543709033,-23.41451796920195],[-51.86008798682169,-23.41445868388363],[-51.860006565812746,-23.414393513200647],[-51.8599792050654,-23.414351718034837],[-51.85996969864473,-23.41421499291384],[-51.859919584029775,-23.414146217513757],[-51.85985919417937,-23.4140744908453],[-51.85977027525015,-23.41402111160754],[-51.859686616466036,-23.413957785743094],[-51.8596456440147,-23.413922415225507],[-51.859586105914595,-23.413858414629544],[-51.85945062976572,-23.413788537070694],[-51.85939678058948,-23.413752017941594],[-51.859360267257564,-23.41373587006163],[-51.85931355800146,-23.413741176127314],[-51.85923039426596,-23.413753086684835],[-51.85917934354347,-23.413746908344123],[-51.859135189949704,-23.41373269021056],[-51.859073627363884,-23.413721927866142],[-51.85898359887829,-23.413693682541897],[-51.85894510834709,-23.413659156269382],[-51.85891694279789,-23.413612541998457],[-51.85888978511708,-23.4135718023059],[-51.85885962886795,-23.413547327567343],[-51.85882300510546,-23.41352451512041],[-51.85876772029686,-23.413511333574842],[-51.85871384206503,-23.413506815430697],[-51.85862797249596,-23.41351027713192],[-51.858547012052256,-23.413447875177138],[-51.85846533370171,-23.413388115501895],[-51.85837197598105,-23.413348957939878],[-51.858318788565214,-23.41333772565377],[-51.858264260561285,-23.413314396325724],[-51.85818239224799,-23.41327052471938],[-51.85811820232864,-23.41323931882273],[-51.8580512722183,-23.41319145404224],[-51.8579441675539,-23.413111781683973],[-51.85770332937333,-23.413038089546347],[-51.8573696217923,-23.412987073251774],[-51.85697010787896,-23.412930501861798],[-51.856610651841095,-23.41259237142389],[-51.85630242191285,-23.412482169760658],[-51.85604559127626,-23.412356284614113],[-51.855839972473625,-23.41248976911553],[-51.85561729834897,-23.412505359390547],[-51.85525763987126,-23.412458003305463],[-51.85494085658236,-23.412339933308363],[-51.85455549145497,-23.412308269248054],[-51.854043241125815,-23.4124020804132]]]},"properties":{"slug":"sarandi","name":"Sarandi","developed_extent_km2_2024":19.0,"gva_csi_usd_million_2023":251.817,"lud_2023_2024":13.254,"developed_land_value_usd_million_2024":2228.63,"lvy_2023_2024":0.113}}]}